"country_name","genres","n"
"Argentina","Action",130
"Argentina","Adult",1
"Argentina","Adventure",98
"Argentina","Animation",58
"Argentina","Biography",8
"Argentina","Comedy",170
"Argentina","Crime",138
"Argentina","Documentary",17
"Argentina","Drama",361
"Argentina","Family",13
"Argentina","Fantasy",17
"Argentina","Film-Noir",2
"Argentina","History",2
"Argentina","Horror",29
"Argentina","Music",35
"Argentina","Musical",1
"Argentina","Mystery",59
"Argentina","Romance",102
"Argentina","Sci-Fi",12
"Argentina","Sport",9
"Argentina","Thriller",84
"Argentina","War",3
"Argentina","Western",4
"Australia","Action",198
"Australia","Adult",1
"Australia","Adventure",130
"Australia","Animation",50
"Australia","Biography",14
"Australia","Comedy",197
"Australia","Crime",141
"Australia","Documentary",39
"Australia","Drama",295
"Australia","Family",32
"Australia","Fantasy",47
"Australia","Film-Noir",2
"Australia","Game-Show",7
"Australia","History",6
"Australia","Horror",27
"Australia","Music",2
"Australia","Musical",4
"Australia","Mystery",52
"Australia","Reality-TV",25
"Australia","Romance",71
"Australia","Sci-Fi",47
"Australia","Short",1
"Australia","Sport",11
"Australia","Thriller",68
"Australia","War",8
"Australia","Western",2
"Austria","Action",197
"Austria","Adult",4
"Austria","Adventure",115
"Austria","Animation",34
"Austria","Biography",16
"Austria","Comedy",184
"Austria","Crime",158
"Austria","Documentary",31
"Austria","Drama",323
"Austria","Family",36
"Austria","Fantasy",51
"Austria","Film-Noir",2
"Austria","Game-Show",6
"Austria","History",3
"Austria","Horror",33
"Austria","Music",1
"Austria","Musical",1
"Austria","Mystery",61
"Austria","Reality-TV",11
"Austria","Romance",80
"Austria","Sci-Fi",21
"Austria","Sport",17
"Austria","Thriller",84
"Austria","War",3
"Bahamas","Action",176
"Bahamas","Adult",1
"Bahamas","Adventure",96
"Bahamas","Animation",76
"Bahamas","Biography",11
"Bahamas","Comedy",186
"Bahamas","Crime",146
"Bahamas","Documentary",15
"Bahamas","Drama",300
"Bahamas","Family",45
"Bahamas","Fantasy",30
"Bahamas","Film-Noir",3
"Bahamas","Game-Show",5
"Bahamas","Horror",30
"Bahamas","Music",2
"Bahamas","Mystery",37
"Bahamas","Reality-TV",9
"Bahamas","Romance",64
"Bahamas","Sci-Fi",22
"Bahamas","Sport",8
"Bahamas","Thriller",94
"Bahamas","War",4
"Bahamas","Western",3
"Bahrain","Action",195
"Bahrain","Adult",2
"Bahrain","Adventure",101
"Bahrain","Animation",37
"Bahrain","Biography",17
"Bahrain","Comedy",173
"Bahrain","Crime",127
"Bahrain","Documentary",18
"Bahrain","Drama",333
"Bahrain","Family",15
"Bahrain","Fantasy",38
"Bahrain","Film-Noir",3
"Bahrain","Game-Show",9
"Bahrain","History",3
"Bahrain","Horror",32
"Bahrain","Music",1
"Bahrain","Musical",3
"Bahrain","Mystery",54
"Bahrain","Reality-TV",14
"Bahrain","Romance",90
"Bahrain","Sci-Fi",23
"Bahrain","Sport",8
"Bahrain","Thriller",89
"Bahrain","War",5
"Bangladesh","Action",223
"Bangladesh","Adult",1
"Bangladesh","Adventure",82
"Bangladesh","Animation",32
"Bangladesh","Biography",6
"Bangladesh","Comedy",198
"Bangladesh","Crime",170
"Bangladesh","Documentary",17
"Bangladesh","Drama",368
"Bangladesh","Family",11
"Bangladesh","Fantasy",27
"Bangladesh","Film-Noir",2
"Bangladesh","Game-Show",2
"Bangladesh","History",2
"Bangladesh","Horror",26
"Bangladesh","Music",2
"Bangladesh","Musical",5
"Bangladesh","Mystery",95
"Bangladesh","Reality-TV",2
"Bangladesh","Romance",95
"Bangladesh","Sci-Fi",34
"Bangladesh","Sport",3
"Bangladesh","Thriller",81
"Bangladesh","War",2
"Belgium","Action",193
"Belgium","Adult",2
"Belgium","Adventure",126
"Belgium","Animation",55
"Belgium","Biography",15
"Belgium","Comedy",192
"Belgium","Crime",137
"Belgium","Documentary",26
"Belgium","Drama",313
"Belgium","Family",13
"Belgium","Fantasy",49
"Belgium","Film-Noir",2
"Belgium","Game-Show",5
"Belgium","History",2
"Belgium","Horror",29
"Belgium","Music",8
"Belgium","Mystery",50
"Belgium","Reality-TV",9
"Belgium","Romance",82
"Belgium","Sci-Fi",29
"Belgium","Sport",11
"Belgium","Thriller",68
"Belgium","War",4
"Bolivia","Action",161
"Bolivia","Adult",1
"Bolivia","Adventure",139
"Bolivia","Animation",100
"Bolivia","Biography",3
"Bolivia","Comedy",215
"Bolivia","Crime",86
"Bolivia","Documentary",14
"Bolivia","Drama",268
"Bolivia","Family",13
"Bolivia","Fantasy",22
"Bolivia","Film-Noir",2
"Bolivia","Horror",22
"Bolivia","Music",19
"Bolivia","Musical",1
"Bolivia","Mystery",39
"Bolivia","Reality-TV",3
"Bolivia","Romance",113
"Bolivia","Sci-Fi",19
"Bolivia","Short",2
"Bolivia","Sport",4
"Bolivia","Thriller",57
"Bolivia","War",2
"Bolivia","Western",3
"Brazil","Action",161
"Brazil","Adult",1
"Brazil","Adventure",153
"Brazil","Animation",71
"Brazil","Biography",9
"Brazil","Comedy",175
"Brazil","Crime",119
"Brazil","Documentary",18
"Brazil","Drama",297
"Brazil","Family",102
"Brazil","Fantasy",23
"Brazil","Film-Noir",3
"Brazil","Game-Show",4
"Brazil","History",1
"Brazil","Horror",24
"Brazil","Music",40
"Brazil","Musical",54
"Brazil","Mystery",40
"Brazil","Reality-TV",11
"Brazil","Romance",118
"Brazil","Sci-Fi",20
"Brazil","Short",2
"Brazil","Sport",7
"Brazil","Thriller",65
"Brazil","War",2
"Bulgaria","Action",218
"Bulgaria","Adult",2
"Bulgaria","Adventure",119
"Bulgaria","Animation",48
"Bulgaria","Biography",10
"Bulgaria","Comedy",186
"Bulgaria","Crime",127
"Bulgaria","Documentary",34
"Bulgaria","Drama",316
"Bulgaria","Family",21
"Bulgaria","Fantasy",38
"Bulgaria","Film-Noir",3
"Bulgaria","Game-Show",10
"Bulgaria","History",2
"Bulgaria","Horror",27
"Bulgaria","Music",2
"Bulgaria","Musical",2
"Bulgaria","Mystery",46
"Bulgaria","Reality-TV",15
"Bulgaria","Romance",97
"Bulgaria","Sci-Fi",40
"Bulgaria","Sport",11
"Bulgaria","Thriller",69
"Bulgaria","War",3
"Canada","Action",174
"Canada","Adult",5
"Canada","Adventure",96
"Canada","Animation",50
"Canada","Biography",17
"Canada","Comedy",179
"Canada","Crime",156
"Canada","Documentary",35
"Canada","Drama",293
"Canada","Family",10
"Canada","Fantasy",25
"Canada","Film-Noir",3
"Canada","Game-Show",11
"Canada","History",5
"Canada","Horror",31
"Canada","Musical",2
"Canada","Mystery",61
"Canada","Reality-TV",27
"Canada","Romance",70
"Canada","Sci-Fi",35
"Canada","Sport",10
"Canada","Thriller",74
"Canada","War",5
"Chile","Action",130
"Chile","Adult",1
"Chile","Adventure",115
"Chile","Animation",76
"Chile","Biography",5
"Chile","Comedy",202
"Chile","Crime",104
"Chile","Documentary",12
"Chile","Drama",329
"Chile","Family",15
"Chile","Fantasy",20
"Chile","Film-Noir",2
"Chile","History",2
"Chile","Horror",26
"Chile","Music",35
"Chile","Musical",2
"Chile","Mystery",43
"Chile","Reality-TV",2
"Chile","Romance",124
"Chile","Sci-Fi",19
"Chile","Short",1
"Chile","Sport",7
"Chile","Thriller",64
"Chile","War",3
"Chile","Western",3
"Colombia","Action",144
"Colombia","Adult",2
"Colombia","Adventure",104
"Colombia","Animation",63
"Colombia","Biography",6
"Colombia","Comedy",192
"Colombia","Crime",113
"Colombia","Documentary",34
"Colombia","Drama",284
"Colombia","Family",15
"Colombia","Fantasy",23
"Colombia","Film-Noir",2
"Colombia","Horror",24
"Colombia","Music",16
"Colombia","Musical",7
"Colombia","Mystery",43
"Colombia","Reality-TV",3
"Colombia","Romance",113
"Colombia","Sci-Fi",16
"Colombia","Short",2
"Colombia","Sport",6
"Colombia","Thriller",79
"Colombia","War",2
"Colombia","Western",3
"Costa Rica","Action",123
"Costa Rica","Adult",2
"Costa Rica","Adventure",95
"Costa Rica","Animation",62
"Costa Rica","Biography",6
"Costa Rica","Comedy",202
"Costa Rica","Crime",101
"Costa Rica","Documentary",19
"Costa Rica","Drama",319
"Costa Rica","Family",17
"Costa Rica","Fantasy",18
"Costa Rica","Film-Noir",2
"Costa Rica","Game-Show",1
"Costa Rica","Horror",25
"Costa Rica","Music",32
"Costa Rica","Musical",3
"Costa Rica","Mystery",40
"Costa Rica","Reality-TV",4
"Costa Rica","Romance",133
"Costa Rica","Sci-Fi",16
"Costa Rica","Short",1
"Costa Rica","Sport",8
"Costa Rica","Thriller",76
"Costa Rica","War",2
"Costa Rica","Western",3
"Croatia","Action",173
"Croatia","Adult",5
"Croatia","Adventure",108
"Croatia","Animation",53
"Croatia","Biography",10
"Croatia","Comedy",206
"Croatia","Crime",141
"Croatia","Documentary",32
"Croatia","Drama",307
"Croatia","Family",19
"Croatia","Fantasy",24
"Croatia","Film-Noir",3
"Croatia","Game-Show",10
"Croatia","History",4
"Croatia","Horror",22
"Croatia","Music",3
"Croatia","Musical",1
"Croatia","Mystery",48
"Croatia","Reality-TV",14
"Croatia","Romance",89
"Croatia","Sci-Fi",18
"Croatia","Sport",15
"Croatia","Talk-Show",1
"Croatia","Thriller",69
"Croatia","War",4
"Cyprus","Action",195
"Cyprus","Adult",3
"Cyprus","Adventure",122
"Cyprus","Animation",47
"Cyprus","Biography",10
"Cyprus","Comedy",195
"Cyprus","Crime",129
"Cyprus","Documentary",22
"Cyprus","Drama",330
"Cyprus","Family",24
"Cyprus","Fantasy",27
"Cyprus","Film-Noir",2
"Cyprus","Game-Show",8
"Cyprus","History",3
"Cyprus","Horror",24
"Cyprus","Music",2
"Cyprus","Musical",2
"Cyprus","Mystery",50
"Cyprus","Reality-TV",12
"Cyprus","Romance",94
"Cyprus","Sci-Fi",44
"Cyprus","Sport",9
"Cyprus","Thriller",67
"Cyprus","War",4
"Cyprus","Western",1
"Czech Republic","Action",196
"Czech Republic","Adult",2
"Czech Republic","Adventure",145
"Czech Republic","Animation",81
"Czech Republic","Biography",15
"Czech Republic","Comedy",196
"Czech Republic","Crime",135
"Czech Republic","Documentary",38
"Czech Republic","Drama",298
"Czech Republic","Family",22
"Czech Republic","Fantasy",45
"Czech Republic","Film-Noir",2
"Czech Republic","Game-Show",12
"Czech Republic","History",2
"Czech Republic","Horror",31
"Czech Republic","Music",7
"Czech Republic","Musical",5
"Czech Republic","Mystery",54
"Czech Republic","Reality-TV",17
"Czech Republic","Romance",70
"Czech Republic","Sci-Fi",15
"Czech Republic","Sport",12
"Czech Republic","Thriller",53
"Czech Republic","War",3
"Denmark","Action",186
"Denmark","Adult",5
"Denmark","Adventure",114
"Denmark","Animation",54
"Denmark","Biography",14
"Denmark","Comedy",184
"Denmark","Crime",150
"Denmark","Documentary",31
"Denmark","Drama",319
"Denmark","Family",18
"Denmark","Fantasy",37
"Denmark","Film-Noir",2
"Denmark","Game-Show",11
"Denmark","History",6
"Denmark","Horror",22
"Denmark","Music",1
"Denmark","Musical",2
"Denmark","Mystery",54
"Denmark","Reality-TV",23
"Denmark","Romance",85
"Denmark","Sci-Fi",19
"Denmark","Short",1
"Denmark","Sport",12
"Denmark","Thriller",66
"Denmark","War",11
"Denmark","Western",5
"Dominican Republic","Action",175
"Dominican Republic","Adult",1
"Dominican Republic","Adventure",103
"Dominican Republic","Animation",53
"Dominican Republic","Biography",6
"Dominican Republic","Comedy",163
"Dominican Republic","Crime",119
"Dominican Republic","Documentary",14
"Dominican Republic","Drama",276
"Dominican Republic","Family",18
"Dominican Republic","Fantasy",33
"Dominican Republic","Film-Noir",2
"Dominican Republic","Game-Show",2
"Dominican Republic","History",2
"Dominican Republic","Horror",26
"Dominican Republic","Music",32
"Dominican Republic","Musical",6
"Dominican Republic","Mystery",34
"Dominican Republic","Reality-TV",3
"Dominican Republic","Romance",85
"Dominican Republic","Sci-Fi",20
"Dominican Republic","Short",2
"Dominican Republic","Sport",7
"Dominican Republic","Thriller",80
"Dominican Republic","War",4
"Dominican Republic","Western",2
"Ecuador","Action",146
"Ecuador","Adult",1
"Ecuador","Adventure",116
"Ecuador","Animation",71
"Ecuador","Biography",3
"Ecuador","Comedy",205
"Ecuador","Crime",89
"Ecuador","Documentary",13
"Ecuador","Drama",269
"Ecuador","Family",15
"Ecuador","Fantasy",23
"Ecuador","Film-Noir",2
"Ecuador","Horror",23
"Ecuador","Music",31
"Ecuador","Musical",4
"Ecuador","Mystery",36
"Ecuador","Reality-TV",3
"Ecuador","Romance",108
"Ecuador","Sci-Fi",20
"Ecuador","Sport",6
"Ecuador","Thriller",70
"Ecuador","War",2
"Ecuador","Western",3
"Egypt","Action",188
"Egypt","Adult",3
"Egypt","Adventure",100
"Egypt","Animation",37
"Egypt","Biography",13
"Egypt","Comedy",190
"Egypt","Crime",113
"Egypt","Documentary",19
"Egypt","Drama",330
"Egypt","Family",15
"Egypt","Fantasy",34
"Egypt","Film-Noir",3
"Egypt","Game-Show",4
"Egypt","History",5
"Egypt","Horror",30
"Egypt","Music",1
"Egypt","Musical",2
"Egypt","Mystery",45
"Egypt","Reality-TV",6
"Egypt","Romance",102
"Egypt","Sci-Fi",29
"Egypt","Sport",4
"Egypt","Thriller",85
"Egypt","War",4
"El Salvador","Action",139
"El Salvador","Adult",1
"El Salvador","Adventure",103
"El Salvador","Animation",66
"El Salvador","Biography",3
"El Salvador","Comedy",189
"El Salvador","Crime",105
"El Salvador","Documentary",12
"El Salvador","Drama",287
"El Salvador","Family",13
"El Salvador","Fantasy",18
"El Salvador","Film-Noir",2
"El Salvador","Horror",21
"El Salvador","Music",30
"El Salvador","Musical",2
"El Salvador","Mystery",36
"El Salvador","Reality-TV",2
"El Salvador","Romance",113
"El Salvador","Sci-Fi",19
"El Salvador","Short",3
"El Salvador","Sport",7
"El Salvador","Thriller",69
"El Salvador","War",2
"El Salvador","Western",3
"Estonia","Action",195
"Estonia","Adult",1
"Estonia","Adventure",118
"Estonia","Animation",50
"Estonia","Biography",15
"Estonia","Comedy",206
"Estonia","Crime",121
"Estonia","Documentary",29
"Estonia","Drama",264
"Estonia","Family",19
"Estonia","Fantasy",40
"Estonia","Film-Noir",3
"Estonia","Game-Show",11
"Estonia","History",1
"Estonia","Horror",26
"Estonia","Music",3
"Estonia","Mystery",60
"Estonia","Reality-TV",19
"Estonia","Romance",72
"Estonia","Sci-Fi",49
"Estonia","Sport",10
"Estonia","Thriller",64
"Estonia","War",3
"Finland","Action",200
"Finland","Adult",2
"Finland","Adventure",106
"Finland","Animation",54
"Finland","Biography",13
"Finland","Comedy",173
"Finland","Crime",155
"Finland","Documentary",30
"Finland","Drama",338
"Finland","Family",18
"Finland","Fantasy",33
"Finland","Film-Noir",3
"Finland","Game-Show",7
"Finland","History",3
"Finland","Horror",29
"Finland","Music",4
"Finland","Mystery",56
"Finland","Reality-TV",11
"Finland","Romance",74
"Finland","Sci-Fi",28
"Finland","Short",1
"Finland","Sport",13
"Finland","Thriller",63
"Finland","War",10
"Finland","Western",4
"France","Action",193
"France","Adult",1
"France","Adventure",128
"France","Animation",50
"France","Biography",9
"France","Comedy",162
"France","Crime",143
"France","Documentary",22
"France","Drama",348
"France","Family",14
"France","Fantasy",54
"France","Film-Noir",2
"France","Game-Show",3
"France","History",3
"France","Horror",40
"France","Music",21
"France","Musical",3
"France","Mystery",49
"France","Reality-TV",5
"France","Romance",70
"France","Sci-Fi",36
"France","Sport",8
"France","Thriller",86
"France","War",6
"Germany","Action",204
"Germany","Adult",5
"Germany","Adventure",139
"Germany","Animation",47
"Germany","Biography",15
"Germany","Comedy",181
"Germany","Crime",153
"Germany","Documentary",23
"Germany","Drama",323
"Germany","Family",46
"Germany","Fantasy",59
"Germany","Film-Noir",2
"Germany","Game-Show",5
"Germany","History",3
"Germany","Horror",35
"Germany","Music",1
"Germany","Musical",3
"Germany","Mystery",55
"Germany","Reality-TV",8
"Germany","Romance",73
"Germany","Sci-Fi",21
"Germany","Short",1
"Germany","Sport",12
"Germany","Thriller",85
"Germany","War",3
"Greece","Action",180
"Greece","Adult",1
"Greece","Adventure",116
"Greece","Animation",50
"Greece","Biography",9
"Greece","Comedy",176
"Greece","Crime",132
"Greece","Documentary",22
"Greece","Drama",334
"Greece","Family",19
"Greece","Fantasy",42
"Greece","Film-Noir",2
"Greece","Game-Show",6
"Greece","History",6
"Greece","Horror",29
"Greece","Music",2
"Greece","Musical",1
"Greece","Mystery",57
"Greece","Reality-TV",7
"Greece","Romance",92
"Greece","Sci-Fi",28
"Greece","Sport",9
"Greece","Thriller",64
"Greece","War",6
"Greece","Western",1
"Guadeloupe","Action",212
"Guadeloupe","Adult",3
"Guadeloupe","Adventure",102
"Guadeloupe","Animation",47
"Guadeloupe","Biography",5
"Guadeloupe","Comedy",162
"Guadeloupe","Crime",139
"Guadeloupe","Documentary",16
"Guadeloupe","Drama",341
"Guadeloupe","Family",19
"Guadeloupe","Fantasy",48
"Guadeloupe","Film-Noir",2
"Guadeloupe","Game-Show",5
"Guadeloupe","History",2
"Guadeloupe","Horror",31
"Guadeloupe","Music",30
"Guadeloupe","Musical",2
"Guadeloupe","Mystery",40
"Guadeloupe","Reality-TV",7
"Guadeloupe","Romance",73
"Guadeloupe","Sci-Fi",29
"Guadeloupe","Sport",5
"Guadeloupe","Thriller",73
"Guadeloupe","War",3
"Guatemala","Action",123
"Guatemala","Adult",1
"Guatemala","Adventure",100
"Guatemala","Animation",65
"Guatemala","Biography",4
"Guatemala","Comedy",202
"Guatemala","Crime",99
"Guatemala","Documentary",13
"Guatemala","Drama",295
"Guatemala","Family",15
"Guatemala","Fantasy",18
"Guatemala","Film-Noir",2
"Guatemala","Horror",22
"Guatemala","Music",31
"Guatemala","Musical",4
"Guatemala","Mystery",41
"Guatemala","Reality-TV",2
"Guatemala","Romance",121
"Guatemala","Sci-Fi",16
"Guatemala","Short",2
"Guatemala","Sport",6
"Guatemala","Thriller",64
"Guatemala","War",2
"Guatemala","Western",3
"Honduras","Action",131
"Honduras","Adult",2
"Honduras","Adventure",85
"Honduras","Animation",48
"Honduras","Biography",3
"Honduras","Comedy",194
"Honduras","Crime",107
"Honduras","Documentary",14
"Honduras","Drama",304
"Honduras","Family",15
"Honduras","Fantasy",22
"Honduras","Film-Noir",2
"Honduras","Horror",22
"Honduras","Music",31
"Honduras","Musical",4
"Honduras","Mystery",41
"Honduras","Reality-TV",3
"Honduras","Romance",127
"Honduras","Sci-Fi",17
"Honduras","Short",2
"Honduras","Sport",6
"Honduras","Thriller",70
"Honduras","War",2
"Honduras","Western",3
"Hong Kong","Action",238
"Hong Kong","Adventure",113
"Hong Kong","Animation",34
"Hong Kong","Biography",18
"Hong Kong","Comedy",159
"Hong Kong","Crime",107
"Hong Kong","Documentary",24
"Hong Kong","Drama",325
"Hong Kong","Family",6
"Hong Kong","Fantasy",44
"Hong Kong","Film-Noir",2
"Hong Kong","Game-Show",5
"Hong Kong","History",8
"Hong Kong","Horror",43
"Hong Kong","Music",3
"Hong Kong","Musical",2
"Hong Kong","Mystery",73
"Hong Kong","Reality-TV",8
"Hong Kong","Romance",120
"Hong Kong","Sci-Fi",65
"Hong Kong","Short",2
"Hong Kong","Sport",12
"Hong Kong","Thriller",79
"Hong Kong","War",6
"Hungary","Action",189
"Hungary","Adult",3
"Hungary","Adventure",117
"Hungary","Animation",65
"Hungary","Biography",9
"Hungary","Comedy",195
"Hungary","Crime",154
"Hungary","Documentary",30
"Hungary","Drama",326
"Hungary","Family",27
"Hungary","Fantasy",39
"Hungary","Film-Noir",3
"Hungary","Game-Show",7
"Hungary","History",3
"Hungary","Horror",31
"Hungary","Music",4
"Hungary","Musical",2
"Hungary","Mystery",54
"Hungary","Reality-TV",8
"Hungary","Romance",97
"Hungary","Sci-Fi",14
"Hungary","Sport",13
"Hungary","Thriller",61
"Hungary","War",3
"Iceland","Action",179
"Iceland","Adult",2
"Iceland","Adventure",121
"Iceland","Animation",49
"Iceland","Biography",15
"Iceland","Comedy",200
"Iceland","Crime",135
"Iceland","Documentary",35
"Iceland","Drama",290
"Iceland","Family",18
"Iceland","Fantasy",24
"Iceland","Film-Noir",2
"Iceland","Game-Show",14
"Iceland","History",5
"Iceland","Horror",19
"Iceland","Music",5
"Iceland","Mystery",51
"Iceland","Reality-TV",33
"Iceland","Romance",80
"Iceland","Sci-Fi",37
"Iceland","Sport",11
"Iceland","Thriller",64
"Iceland","War",6
"India","Action",252
"India","Adult",1
"India","Adventure",62
"India","Animation",12
"India","Biography",4
"India","Comedy",189
"India","Crime",211
"India","Documentary",21
"India","Drama",397
"India","Family",9
"India","Fantasy",42
"India","Film-Noir",1
"India","Game-Show",4
"India","Horror",26
"India","Musical",2
"India","Mystery",79
"India","Reality-TV",4
"India","Romance",88
"India","Sci-Fi",14
"India","Sport",4
"India","Thriller",84
"India","War",4
"Indonesia","Action",205
"Indonesia","Adult",1
"Indonesia","Adventure",84
"Indonesia","Animation",18
"Indonesia","Biography",14
"Indonesia","Comedy",180
"Indonesia","Crime",135
"Indonesia","Documentary",17
"Indonesia","Drama",316
"Indonesia","Family",19
"Indonesia","Fantasy",34
"Indonesia","Film-Noir",2
"Indonesia","History",11
"Indonesia","Horror",46
"Indonesia","Music",2
"Indonesia","Musical",2
"Indonesia","Mystery",70
"Indonesia","Reality-TV",6
"Indonesia","Romance",110
"Indonesia","Sci-Fi",42
"Indonesia","Short",3
"Indonesia","Sport",7
"Indonesia","Thriller",90
"Indonesia","War",3
"Ireland","Action",139
"Ireland","Adult",4
"Ireland","Adventure",129
"Ireland","Animation",66
"Ireland","Biography",31
"Ireland","Comedy",218
"Ireland","Crime",135
"Ireland","Documentary",39
"Ireland","Drama",300
"Ireland","Family",26
"Ireland","Fantasy",18
"Ireland","Film-Noir",2
"Ireland","Game-Show",4
"Ireland","History",4
"Ireland","Horror",23
"Ireland","Music",4
"Ireland","Musical",2
"Ireland","Mystery",37
"Ireland","Reality-TV",18
"Ireland","Romance",81
"Ireland","Sci-Fi",26
"Ireland","Short",1
"Ireland","Sport",14
"Ireland","Thriller",69
"Ireland","War",7
"Ireland","Western",2
"Israel","Action",188
"Israel","Adult",4
"Israel","Adventure",109
"Israel","Animation",51
"Israel","Biography",9
"Israel","Comedy",180
"Israel","Crime",124
"Israel","Documentary",29
"Israel","Drama",332
"Israel","Family",14
"Israel","Fantasy",19
"Israel","Film-Noir",2
"Israel","Game-Show",11
"Israel","History",4
"Israel","Horror",16
"Israel","Music",2
"Israel","Musical",3
"Israel","Mystery",39
"Israel","Reality-TV",17
"Israel","Romance",84
"Israel","Sci-Fi",38
"Israel","Sport",13
"Israel","Thriller",92
"Israel","War",8
"Israel","Western",1
"Italy","Action",167
"Italy","Adult",5
"Italy","Adventure",81
"Italy","Animation",21
"Italy","Biography",13
"Italy","Comedy",183
"Italy","Crime",151
"Italy","Documentary",18
"Italy","Drama",368
"Italy","Family",16
"Italy","Fantasy",37
"Italy","Film-Noir",2
"Italy","Game-Show",5
"Italy","History",4
"Italy","Horror",32
"Italy","Music",7
"Italy","Musical",3
"Italy","Mystery",67
"Italy","Reality-TV",7
"Italy","Romance",96
"Italy","Sci-Fi",35
"Italy","Sport",12
"Italy","Talk-Show",1
"Italy","Thriller",62
"Italy","War",3
"Italy","Western",2
"Jamaica","Action",215
"Jamaica","Adult",2
"Jamaica","Adventure",116
"Jamaica","Animation",82
"Jamaica","Biography",7
"Jamaica","Comedy",188
"Jamaica","Crime",149
"Jamaica","Documentary",17
"Jamaica","Drama",296
"Jamaica","Family",36
"Jamaica","Fantasy",39
"Jamaica","Film-Noir",3
"Jamaica","Game-Show",4
"Jamaica","Horror",27
"Jamaica","Music",3
"Jamaica","Mystery",38
"Jamaica","Reality-TV",6
"Jamaica","Romance",72
"Jamaica","Sci-Fi",26
"Jamaica","Sport",7
"Jamaica","Thriller",94
"Jamaica","War",3
"Jamaica","Western",3
"Japan","Action",227
"Japan","Adult",1
"Japan","Adventure",156
"Japan","Animation",98
"Japan","Biography",20
"Japan","Comedy",162
"Japan","Crime",78
"Japan","Documentary",10
"Japan","Drama",277
"Japan","Family",13
"Japan","Fantasy",29
"Japan","Film-Noir",2
"Japan","History",8
"Japan","Horror",39
"Japan","Music",4
"Japan","Musical",1
"Japan","Mystery",38
"Japan","Romance",165
"Japan","Sci-Fi",25
"Japan","Short",3
"Japan","Sport",4
"Japan","Thriller",65
"Japan","War",3
"Jordan","Action",197
"Jordan","Adult",4
"Jordan","Adventure",88
"Jordan","Animation",33
"Jordan","Biography",17
"Jordan","Comedy",243
"Jordan","Crime",118
"Jordan","Documentary",18
"Jordan","Drama",297
"Jordan","Family",14
"Jordan","Fantasy",32
"Jordan","Film-Noir",3
"Jordan","Game-Show",5
"Jordan","History",4
"Jordan","Horror",25
"Jordan","Musical",3
"Jordan","Mystery",39
"Jordan","Reality-TV",7
"Jordan","Romance",165
"Jordan","Sci-Fi",25
"Jordan","Sport",6
"Jordan","Thriller",84
"Jordan","War",6
"Kenya","Action",196
"Kenya","Adult",6
"Kenya","Adventure",85
"Kenya","Animation",27
"Kenya","Biography",13
"Kenya","Comedy",192
"Kenya","Crime",136
"Kenya","Documentary",22
"Kenya","Drama",337
"Kenya","Family",15
"Kenya","Fantasy",27
"Kenya","Film-Noir",3
"Kenya","Game-Show",11
"Kenya","History",2
"Kenya","Horror",21
"Kenya","Music",1
"Kenya","Musical",1
"Kenya","Mystery",51
"Kenya","Reality-TV",19
"Kenya","Romance",92
"Kenya","Sci-Fi",35
"Kenya","Sport",10
"Kenya","Thriller",94
"Kenya","War",1
"Kuwait","Action",211
"Kuwait","Adult",2
"Kuwait","Adventure",119
"Kuwait","Animation",56
"Kuwait","Biography",13
"Kuwait","Comedy",175
"Kuwait","Crime",119
"Kuwait","Documentary",16
"Kuwait","Drama",325
"Kuwait","Family",27
"Kuwait","Fantasy",42
"Kuwait","Film-Noir",3
"Kuwait","Game-Show",7
"Kuwait","History",3
"Kuwait","Horror",35
"Kuwait","Music",1
"Kuwait","Musical",3
"Kuwait","Mystery",52
"Kuwait","Reality-TV",10
"Kuwait","Romance",77
"Kuwait","Sci-Fi",26
"Kuwait","Sport",4
"Kuwait","Thriller",96
"Kuwait","War",5
"Latvia","Action",175
"Latvia","Adult",1
"Latvia","Adventure",132
"Latvia","Animation",81
"Latvia","Biography",11
"Latvia","Comedy",238
"Latvia","Crime",121
"Latvia","Documentary",28
"Latvia","Drama",269
"Latvia","Family",17
"Latvia","Fantasy",24
"Latvia","Film-Noir",2
"Latvia","Game-Show",12
"Latvia","History",2
"Latvia","Horror",23
"Latvia","Music",2
"Latvia","Mystery",63
"Latvia","Reality-TV",16
"Latvia","Romance",86
"Latvia","Sci-Fi",39
"Latvia","Sport",10
"Latvia","Thriller",62
"Latvia","War",3
"Lebanon","Action",191
"Lebanon","Adult",5
"Lebanon","Adventure",92
"Lebanon","Animation",26
"Lebanon","Biography",15
"Lebanon","Comedy",190
"Lebanon","Crime",133
"Lebanon","Documentary",21
"Lebanon","Drama",376
"Lebanon","Family",18
"Lebanon","Fantasy",45
"Lebanon","Film-Noir",3
"Lebanon","Game-Show",8
"Lebanon","History",3
"Lebanon","Horror",21
"Lebanon","Music",2
"Lebanon","Musical",4
"Lebanon","Mystery",37
"Lebanon","Reality-TV",10
"Lebanon","Romance",112
"Lebanon","Sci-Fi",27
"Lebanon","Sport",7
"Lebanon","Thriller",88
"Lebanon","War",5
"Lithuania","Action",147
"Lithuania","Adult",2
"Lithuania","Adventure",92
"Lithuania","Animation",49
"Lithuania","Biography",13
"Lithuania","Comedy",221
"Lithuania","Crime",121
"Lithuania","Documentary",32
"Lithuania","Drama",261
"Lithuania","Family",19
"Lithuania","Fantasy",28
"Lithuania","Film-Noir",2
"Lithuania","Game-Show",12
"Lithuania","History",3
"Lithuania","Horror",26
"Lithuania","Music",3
"Lithuania","Mystery",50
"Lithuania","Reality-TV",14
"Lithuania","Romance",100
"Lithuania","Sci-Fi",20
"Lithuania","Sport",11
"Lithuania","Thriller",66
"Lithuania","War",5
"Luxembourg","Action",168
"Luxembourg","Adult",4
"Luxembourg","Adventure",119
"Luxembourg","Animation",53
"Luxembourg","Biography",10
"Luxembourg","Comedy",186
"Luxembourg","Crime",137
"Luxembourg","Documentary",28
"Luxembourg","Drama",345
"Luxembourg","Family",29
"Luxembourg","Fantasy",42
"Luxembourg","Film-Noir",2
"Luxembourg","Game-Show",7
"Luxembourg","History",1
"Luxembourg","Horror",28
"Luxembourg","Music",20
"Luxembourg","Musical",1
"Luxembourg","Mystery",50
"Luxembourg","Reality-TV",11
"Luxembourg","Romance",91
"Luxembourg","Sci-Fi",18
"Luxembourg","Sport",14
"Luxembourg","Thriller",68
"Luxembourg","War",3
"Malaysia","Action",238
"Malaysia","Adult",1
"Malaysia","Adventure",112
"Malaysia","Animation",42
"Malaysia","Biography",7
"Malaysia","Comedy",193
"Malaysia","Crime",141
"Malaysia","Documentary",13
"Malaysia","Drama",298
"Malaysia","Family",17
"Malaysia","Fantasy",37
"Malaysia","Film-Noir",2
"Malaysia","Game-Show",3
"Malaysia","History",11
"Malaysia","Horror",40
"Malaysia","Music",1
"Malaysia","Musical",3
"Malaysia","Mystery",71
"Malaysia","Reality-TV",3
"Malaysia","Romance",106
"Malaysia","Sci-Fi",35
"Malaysia","Short",2
"Malaysia","Sport",10
"Malaysia","Thriller",88
"Malaysia","War",2
"Maldives","Action",189
"Maldives","Adult",2
"Maldives","Adventure",88
"Maldives","Animation",43
"Maldives","Biography",7
"Maldives","Comedy",189
"Maldives","Crime",154
"Maldives","Documentary",22
"Maldives","Drama",332
"Maldives","Family",16
"Maldives","Fantasy",31
"Maldives","Film-Noir",2
"Maldives","Game-Show",6
"Maldives","Horror",27
"Maldives","Mystery",75
"Maldives","Reality-TV",8
"Maldives","Romance",92
"Maldives","Sci-Fi",31
"Maldives","Sport",6
"Maldives","Thriller",77
"Maldives","War",2
"Malta","Action",171
"Malta","Adult",4
"Malta","Adventure",76
"Malta","Animation",21
"Malta","Biography",17
"Malta","Comedy",169
"Malta","Crime",156
"Malta","Documentary",24
"Malta","Drama",343
"Malta","Family",18
"Malta","Fantasy",22
"Malta","Film-Noir",2
"Malta","Game-Show",8
"Malta","History",4
"Malta","Horror",22
"Malta","Music",16
"Malta","Musical",3
"Malta","Mystery",56
"Malta","Reality-TV",13
"Malta","Romance",103
"Malta","Sci-Fi",39
"Malta","Sport",10
"Malta","Thriller",86
"Malta","War",4
"Martinique","Action",211
"Martinique","Adult",3
"Martinique","Adventure",107
"Martinique","Animation",48
"Martinique","Biography",4
"Martinique","Comedy",171
"Martinique","Crime",137
"Martinique","Documentary",14
"Martinique","Drama",347
"Martinique","Family",20
"Martinique","Fantasy",40
"Martinique","Film-Noir",2
"Martinique","Game-Show",5
"Martinique","History",2
"Martinique","Horror",27
"Martinique","Music",32
"Martinique","Musical",2
"Martinique","Mystery",41
"Martinique","Reality-TV",8
"Martinique","Romance",75
"Martinique","Sci-Fi",28
"Martinique","Sport",6
"Martinique","Thriller",75
"Martinique","War",2
"Mauritius","Action",199
"Mauritius","Adult",3
"Mauritius","Adventure",95
"Mauritius","Animation",37
"Mauritius","Biography",4
"Mauritius","Comedy",209
"Mauritius","Crime",141
"Mauritius","Documentary",17
"Mauritius","Drama",332
"Mauritius","Family",19
"Mauritius","Fantasy",40
"Mauritius","Film-Noir",2
"Mauritius","Game-Show",7
"Mauritius","History",1
"Mauritius","Horror",34
"Mauritius","Music",2
"Mauritius","Musical",1
"Mauritius","Mystery",64
"Mauritius","Reality-TV",12
"Mauritius","Romance",90
"Mauritius","Sci-Fi",38
"Mauritius","Sport",7
"Mauritius","Thriller",74
"Mauritius","War",1
"Mexico","Action",121
"Mexico","Adult",1
"Mexico","Adventure",125
"Mexico","Animation",88
"Mexico","Biography",7
"Mexico","Comedy",214
"Mexico","Crime",103
"Mexico","Documentary",13
"Mexico","Drama",322
"Mexico","Family",17
"Mexico","Fantasy",26
"Mexico","Film-Noir",2
"Mexico","History",2
"Mexico","Horror",28
"Mexico","Music",17
"Mexico","Musical",6
"Mexico","Mystery",44
"Mexico","Reality-TV",2
"Mexico","Romance",110
"Mexico","Sci-Fi",19
"Mexico","Short",2
"Mexico","Sport",6
"Mexico","Thriller",65
"Mexico","War",2
"Mexico","Western",3
"Morocco","Action",238
"Morocco","Adult",5
"Morocco","Adventure",92
"Morocco","Animation",34
"Morocco","Biography",7
"Morocco","Comedy",176
"Morocco","Crime",181
"Morocco","Documentary",21
"Morocco","Drama",363
"Morocco","Family",14
"Morocco","Fantasy",27
"Morocco","Film-Noir",3
"Morocco","Game-Show",5
"Morocco","History",7
"Morocco","Horror",27
"Morocco","Music",2
"Morocco","Musical",1
"Morocco","Mystery",57
"Morocco","Reality-TV",9
"Morocco","Romance",75
"Morocco","Sci-Fi",28
"Morocco","Sport",8
"Morocco","Thriller",101
"Morocco","War",3
"Morocco","Western",1
"Netherlands","Action",147
"Netherlands","Adult",2
"Netherlands","Adventure",111
"Netherlands","Animation",54
"Netherlands","Biography",20
"Netherlands","Comedy",162
"Netherlands","Crime",159
"Netherlands","Documentary",32
"Netherlands","Drama",333
"Netherlands","Family",17
"Netherlands","Fantasy",40
"Netherlands","Film-Noir",3
"Netherlands","Game-Show",6
"Netherlands","History",4
"Netherlands","Horror",24
"Netherlands","Music",1
"Netherlands","Musical",3
"Netherlands","Mystery",55
"Netherlands","Reality-TV",13
"Netherlands","Romance",85
"Netherlands","Sci-Fi",33
"Netherlands","Sport",12
"Netherlands","Thriller",73
"Netherlands","War",8
"New Caledonia","Action",252
"New Caledonia","Adult",1
"New Caledonia","Adventure",134
"New Caledonia","Animation",64
"New Caledonia","Biography",8
"New Caledonia","Comedy",144
"New Caledonia","Crime",132
"New Caledonia","Documentary",15
"New Caledonia","Drama",341
"New Caledonia","Family",21
"New Caledonia","Fantasy",52
"New Caledonia","Film-Noir",2
"New Caledonia","Game-Show",2
"New Caledonia","History",5
"New Caledonia","Horror",30
"New Caledonia","Music",12
"New Caledonia","Musical",5
"New Caledonia","Mystery",36
"New Caledonia","Reality-TV",6
"New Caledonia","Romance",58
"New Caledonia","Sci-Fi",30
"New Caledonia","Sport",6
"New Caledonia","Thriller",75
"New Caledonia","War",5
"New Zealand","Action",196
"New Zealand","Adult",2
"New Zealand","Adventure",113
"New Zealand","Animation",69
"New Zealand","Biography",23
"New Zealand","Comedy",172
"New Zealand","Crime",140
"New Zealand","Documentary",32
"New Zealand","Drama",310
"New Zealand","Family",13
"New Zealand","Fantasy",25
"New Zealand","Film-Noir",3
"New Zealand","Game-Show",7
"New Zealand","History",9
"New Zealand","Horror",31
"New Zealand","Music",6
"New Zealand","Musical",5
"New Zealand","Mystery",49
"New Zealand","Reality-TV",21
"New Zealand","Romance",58
"New Zealand","Sci-Fi",35
"New Zealand","Short",1
"New Zealand","Sport",13
"New Zealand","Thriller",71
"New Zealand","War",7
"New Zealand","Western",4
"Nicaragua","Action",134
"Nicaragua","Adult",2
"Nicaragua","Adventure",79
"Nicaragua","Animation",44
"Nicaragua","Biography",3
"Nicaragua","Comedy",187
"Nicaragua","Crime",104
"Nicaragua","Documentary",15
"Nicaragua","Drama",305
"Nicaragua","Family",13
"Nicaragua","Fantasy",20
"Nicaragua","Film-Noir",2
"Nicaragua","Horror",24
"Nicaragua","Music",30
"Nicaragua","Musical",4
"Nicaragua","Mystery",42
"Nicaragua","Reality-TV",3
"Nicaragua","Romance",125
"Nicaragua","Sci-Fi",15
"Nicaragua","Short",3
"Nicaragua","Sport",6
"Nicaragua","Thriller",75
"Nicaragua","War",2
"Nicaragua","Western",3
"Nigeria","Action",183
"Nigeria","Adult",3
"Nigeria","Adventure",61
"Nigeria","Animation",12
"Nigeria","Biography",17
"Nigeria","Comedy",142
"Nigeria","Crime",139
"Nigeria","Documentary",23
"Nigeria","Drama",348
"Nigeria","Family",10
"Nigeria","Fantasy",31
"Nigeria","Film-Noir",4
"Nigeria","Game-Show",6
"Nigeria","History",8
"Nigeria","Horror",17
"Nigeria","Mystery",65
"Nigeria","Reality-TV",6
"Nigeria","Romance",117
"Nigeria","Sci-Fi",37
"Nigeria","Short",3
"Nigeria","Sport",6
"Nigeria","Thriller",70
"Nigeria","War",2
"Norway","Action",179
"Norway","Adult",4
"Norway","Adventure",111
"Norway","Animation",47
"Norway","Biography",18
"Norway","Comedy",180
"Norway","Crime",147
"Norway","Documentary",33
"Norway","Drama",355
"Norway","Family",20
"Norway","Fantasy",36
"Norway","Film-Noir",3
"Norway","Game-Show",6
"Norway","History",11
"Norway","Horror",21
"Norway","Music",3
"Norway","Musical",1
"Norway","Mystery",47
"Norway","Reality-TV",18
"Norway","Romance",99
"Norway","Sci-Fi",20
"Norway","Short",1
"Norway","Sport",13
"Norway","Thriller",61
"Norway","War",10
"Norway","Western",6
"Oman","Action",189
"Oman","Adult",1
"Oman","Adventure",89
"Oman","Animation",24
"Oman","Biography",11
"Oman","Comedy",130
"Oman","Crime",115
"Oman","Documentary",12
"Oman","Drama",286
"Oman","Family",16
"Oman","Fantasy",37
"Oman","Film-Noir",3
"Oman","Game-Show",2
"Oman","History",3
"Oman","Horror",33
"Oman","Musical",3
"Oman","Mystery",48
"Oman","Reality-TV",4
"Oman","Romance",57
"Oman","Sci-Fi",21
"Oman","Sport",5
"Oman","Thriller",90
"Oman","War",7
"Pakistan","Action",284
"Pakistan","Adult",1
"Pakistan","Adventure",92
"Pakistan","Animation",27
"Pakistan","Biography",4
"Pakistan","Comedy",165
"Pakistan","Crime",226
"Pakistan","Documentary",18
"Pakistan","Drama",387
"Pakistan","Family",13
"Pakistan","Fantasy",30
"Pakistan","Film-Noir",2
"Pakistan","Game-Show",2
"Pakistan","Horror",34
"Pakistan","Music",2
"Pakistan","Musical",2
"Pakistan","Mystery",93
"Pakistan","Reality-TV",2
"Pakistan","Romance",55
"Pakistan","Sci-Fi",37
"Pakistan","Sport",5
"Pakistan","Thriller",100
"Pakistan","War",2
"Panama","Action",145
"Panama","Adult",1
"Panama","Adventure",105
"Panama","Animation",65
"Panama","Biography",8
"Panama","Comedy",193
"Panama","Crime",122
"Panama","Documentary",15
"Panama","Drama",316
"Panama","Family",16
"Panama","Fantasy",24
"Panama","Film-Noir",2
"Panama","Game-Show",3
"Panama","History",1
"Panama","Horror",24
"Panama","Music",21
"Panama","Musical",5
"Panama","Mystery",37
"Panama","Reality-TV",5
"Panama","Romance",122
"Panama","Sci-Fi",17
"Panama","Short",2
"Panama","Sport",6
"Panama","Thriller",76
"Panama","War",2
"Panama","Western",3
"Paraguay","Action",137
"Paraguay","Adult",1
"Paraguay","Adventure",96
"Paraguay","Animation",55
"Paraguay","Biography",6
"Paraguay","Comedy",200
"Paraguay","Crime",118
"Paraguay","Documentary",18
"Paraguay","Drama",328
"Paraguay","Family",13
"Paraguay","Fantasy",14
"Paraguay","Film-Noir",2
"Paraguay","Game-Show",1
"Paraguay","History",1
"Paraguay","Horror",23
"Paraguay","Music",31
"Paraguay","Musical",2
"Paraguay","Mystery",47
"Paraguay","Reality-TV",4
"Paraguay","Romance",120
"Paraguay","Sci-Fi",15
"Paraguay","Short",2
"Paraguay","Sport",8
"Paraguay","Thriller",77
"Paraguay","War",2
"Paraguay","Western",3
"Peru","Action",162
"Peru","Adult",1
"Peru","Adventure",115
"Peru","Animation",67
"Peru","Biography",4
"Peru","Comedy",186
"Peru","Crime",109
"Peru","Documentary",17
"Peru","Drama",291
"Peru","Family",12
"Peru","Fantasy",21
"Peru","Film-Noir",2
"Peru","History",2
"Peru","Horror",25
"Peru","Music",19
"Peru","Musical",3
"Peru","Mystery",42
"Peru","Reality-TV",3
"Peru","Romance",112
"Peru","Sci-Fi",22
"Peru","Short",1
"Peru","Sport",6
"Peru","Thriller",68
"Peru","War",2
"Peru","Western",3
"Philippines","Action",200
"Philippines","Adventure",99
"Philippines","Animation",34
"Philippines","Biography",12
"Philippines","Comedy",172
"Philippines","Crime",114
"Philippines","Documentary",23
"Philippines","Drama",322
"Philippines","Family",31
"Philippines","Fantasy",39
"Philippines","Film-Noir",2
"Philippines","Game-Show",1
"Philippines","History",9
"Philippines","Horror",44
"Philippines","Music",3
"Philippines","Musical",6
"Philippines","Mystery",60
"Philippines","Reality-TV",1
"Philippines","Romance",109
"Philippines","Sci-Fi",51
"Philippines","Short",2
"Philippines","Sport",4
"Philippines","Thriller",96
"Philippines","War",3
"Philippines","Western",1
"Poland","Action",149
"Poland","Adult",2
"Poland","Adventure",159
"Poland","Animation",102
"Poland","Biography",10
"Poland","Comedy",208
"Poland","Crime",138
"Poland","Documentary",19
"Poland","Drama",321
"Poland","Family",17
"Poland","Fantasy",36
"Poland","Film-Noir",2
"Poland","Game-Show",3
"Poland","History",5
"Poland","Horror",38
"Poland","Music",2
"Poland","Musical",2
"Poland","Mystery",54
"Poland","Reality-TV",5
"Poland","Romance",75
"Poland","Sci-Fi",23
"Poland","Sport",12
"Poland","Thriller",80
"Poland","War",4
"Portugal","Action",162
"Portugal","Adult",6
"Portugal","Adventure",98
"Portugal","Animation",38
"Portugal","Biography",7
"Portugal","Comedy",170
"Portugal","Crime",113
"Portugal","Documentary",21
"Portugal","Drama",317
"Portugal","Family",40
"Portugal","Fantasy",23
"Portugal","Film-Noir",3
"Portugal","Game-Show",9
"Portugal","History",3
"Portugal","Horror",19
"Portugal","Music",53
"Portugal","Musical",23
"Portugal","Mystery",38
"Portugal","Reality-TV",14
"Portugal","Romance",96
"Portugal","Sci-Fi",20
"Portugal","Sport",12
"Portugal","Thriller",74
"Portugal","War",6
"Qatar","Action",206
"Qatar","Adult",1
"Qatar","Adventure",109
"Qatar","Animation",31
"Qatar","Biography",17
"Qatar","Comedy",163
"Qatar","Crime",129
"Qatar","Documentary",22
"Qatar","Drama",345
"Qatar","Family",15
"Qatar","Fantasy",43
"Qatar","Film-Noir",2
"Qatar","Game-Show",9
"Qatar","History",7
"Qatar","Horror",28
"Qatar","Music",1
"Qatar","Musical",3
"Qatar","Mystery",49
"Qatar","Reality-TV",14
"Qatar","Romance",103
"Qatar","Sci-Fi",26
"Qatar","Sport",8
"Qatar","Thriller",92
"Qatar","War",5
"Romania","Action",169
"Romania","Adult",3
"Romania","Adventure",95
"Romania","Animation",25
"Romania","Biography",13
"Romania","Comedy",162
"Romania","Crime",145
"Romania","Documentary",28
"Romania","Drama",366
"Romania","Family",20
"Romania","Fantasy",40
"Romania","Film-Noir",3
"Romania","Game-Show",9
"Romania","History",7
"Romania","Horror",24
"Romania","Music",2
"Romania","Musical",4
"Romania","Mystery",68
"Romania","Reality-TV",14
"Romania","Romance",101
"Romania","Sci-Fi",17
"Romania","Short",1
"Romania","Sport",12
"Romania","Talk-Show",1
"Romania","Thriller",86
"Romania","War",4
"Russia","Action",244
"Russia","Adult",4
"Russia","Adventure",124
"Russia","Animation",57
"Russia","Biography",9
"Russia","Comedy",185
"Russia","Crime",210
"Russia","Documentary",27
"Russia","Drama",352
"Russia","Family",21
"Russia","Fantasy",33
"Russia","Film-Noir",3
"Russia","Horror",28
"Russia","Music",2
"Russia","Musical",6
"Russia","Mystery",49
"Russia","Reality-TV",1
"Russia","Romance",64
"Russia","Sci-Fi",22
"Russia","Short",1
"Russia","Sport",10
"Russia","Talk-Show",1
"Russia","Thriller",69
"Russia","War",2
"Réunion","Action",203
"Réunion","Adult",1
"Réunion","Adventure",123
"Réunion","Animation",58
"Réunion","Biography",5
"Réunion","Comedy",177
"Réunion","Crime",113
"Réunion","Documentary",16
"Réunion","Drama",336
"Réunion","Family",23
"Réunion","Fantasy",50
"Réunion","Film-Noir",2
"Réunion","Game-Show",4
"Réunion","History",2
"Réunion","Horror",39
"Réunion","Music",35
"Réunion","Musical",3
"Réunion","Mystery",42
"Réunion","Reality-TV",6
"Réunion","Romance",75
"Réunion","Sci-Fi",31
"Réunion","Sport",8
"Réunion","Thriller",69
"Réunion","War",3
"Saudi Arabia","Action",224
"Saudi Arabia","Adult",3
"Saudi Arabia","Adventure",88
"Saudi Arabia","Animation",43
"Saudi Arabia","Biography",15
"Saudi Arabia","Comedy",157
"Saudi Arabia","Crime",148
"Saudi Arabia","Documentary",17
"Saudi Arabia","Drama",349
"Saudi Arabia","Family",21
"Saudi Arabia","Fantasy",29
"Saudi Arabia","Film-Noir",3
"Saudi Arabia","Game-Show",4
"Saudi Arabia","History",3
"Saudi Arabia","Horror",36
"Saudi Arabia","Musical",2
"Saudi Arabia","Mystery",51
"Saudi Arabia","Reality-TV",7
"Saudi Arabia","Romance",76
"Saudi Arabia","Sci-Fi",24
"Saudi Arabia","Sport",6
"Saudi Arabia","Thriller",98
"Saudi Arabia","War",6
"Saudi Arabia","Western",2
"Serbia","Action",205
"Serbia","Adult",4
"Serbia","Adventure",104
"Serbia","Animation",37
"Serbia","Biography",9
"Serbia","Comedy",188
"Serbia","Crime",155
"Serbia","Documentary",26
"Serbia","Drama",328
"Serbia","Family",18
"Serbia","Fantasy",26
"Serbia","Film-Noir",3
"Serbia","Game-Show",7
"Serbia","History",3
"Serbia","Horror",23
"Serbia","Music",4
"Serbia","Musical",3
"Serbia","Mystery",46
"Serbia","Reality-TV",11
"Serbia","Romance",95
"Serbia","Sci-Fi",24
"Serbia","Sport",11
"Serbia","Thriller",87
"Serbia","War",3
"Singapore","Action",214
"Singapore","Adult",1
"Singapore","Adventure",96
"Singapore","Animation",30
"Singapore","Biography",9
"Singapore","Comedy",162
"Singapore","Crime",128
"Singapore","Documentary",23
"Singapore","Drama",315
"Singapore","Family",9
"Singapore","Fantasy",30
"Singapore","Film-Noir",2
"Singapore","Game-Show",10
"Singapore","History",8
"Singapore","Horror",35
"Singapore","Music",1
"Singapore","Musical",2
"Singapore","Mystery",71
"Singapore","Reality-TV",18
"Singapore","Romance",92
"Singapore","Sci-Fi",52
"Singapore","Short",2
"Singapore","Sport",11
"Singapore","Thriller",88
"Singapore","War",3
"Slovakia","Action",185
"Slovakia","Adult",5
"Slovakia","Adventure",132
"Slovakia","Animation",71
"Slovakia","Biography",20
"Slovakia","Comedy",196
"Slovakia","Crime",138
"Slovakia","Documentary",44
"Slovakia","Drama",312
"Slovakia","Family",27
"Slovakia","Fantasy",30
"Slovakia","Film-Noir",3
"Slovakia","Game-Show",12
"Slovakia","History",1
"Slovakia","Horror",30
"Slovakia","Music",8
"Slovakia","Musical",3
"Slovakia","Mystery",47
"Slovakia","Reality-TV",17
"Slovakia","Romance",76
"Slovakia","Sci-Fi",13
"Slovakia","Sport",16
"Slovakia","Thriller",56
"Slovakia","War",3
"Slovenia","Action",184
"Slovenia","Adult",5
"Slovenia","Adventure",107
"Slovenia","Animation",41
"Slovenia","Biography",12
"Slovenia","Comedy",193
"Slovenia","Crime",117
"Slovenia","Documentary",30
"Slovenia","Drama",278
"Slovenia","Family",21
"Slovenia","Fantasy",30
"Slovenia","Film-Noir",3
"Slovenia","Game-Show",11
"Slovenia","History",4
"Slovenia","Horror",26
"Slovenia","Music",4
"Slovenia","Musical",1
"Slovenia","Mystery",38
"Slovenia","Reality-TV",16
"Slovenia","Romance",79
"Slovenia","Sci-Fi",29
"Slovenia","Sport",13
"Slovenia","Thriller",65
"Slovenia","War",3
"South Africa","Action",183
"South Africa","Adult",3
"South Africa","Adventure",99
"South Africa","Animation",45
"South Africa","Biography",14
"South Africa","Comedy",195
"South Africa","Crime",114
"South Africa","Documentary",27
"South Africa","Drama",340
"South Africa","Family",17
"South Africa","Fantasy",28
"South Africa","Film-Noir",2
"South Africa","Game-Show",10
"South Africa","History",3
"South Africa","Horror",22
"South Africa","Music",1
"South Africa","Musical",1
"South Africa","Mystery",60
"South Africa","Reality-TV",21
"South Africa","Romance",99
"South Africa","Sci-Fi",49
"South Africa","Sport",10
"South Africa","Thriller",74
"South Africa","War",6
"South Africa","Western",1
"South Korea","Action",186
"South Korea","Adult",4
"South Korea","Adventure",78
"South Korea","Animation",23
"South Korea","Biography",5
"South Korea","Comedy",156
"South Korea","Crime",88
"South Korea","Documentary",5
"South Korea","Drama",308
"South Korea","Family",10
"South Korea","Fantasy",31
"South Korea","Film-Noir",3
"South Korea","Game-Show",3
"South Korea","History",6
"South Korea","Horror",34
"South Korea","Music",2
"South Korea","Musical",4
"South Korea","Mystery",40
"South Korea","Reality-TV",8
"South Korea","Romance",103
"South Korea","Sci-Fi",29
"South Korea","Short",2
"South Korea","Sport",10
"South Korea","Talk-Show",2
"South Korea","Thriller",85
"South Korea","War",4
"Spain","Action",162
"Spain","Adult",4
"Spain","Adventure",97
"Spain","Animation",30
"Spain","Biography",5
"Spain","Comedy",182
"Spain","Crime",139
"Spain","Documentary",21
"Spain","Drama",326
"Spain","Family",17
"Spain","Fantasy",31
"Spain","Film-Noir",3
"Spain","Game-Show",4
"Spain","History",5
"Spain","Horror",30
"Spain","Music",21
"Spain","Musical",1
"Spain","Mystery",51
"Spain","Reality-TV",12
"Spain","Romance",111
"Spain","Sci-Fi",26
"Spain","Short",1
"Spain","Sport",12
"Spain","Thriller",68
"Spain","War",3
"Sri Lanka","Action",180
"Sri Lanka","Adult",1
"Sri Lanka","Adventure",66
"Sri Lanka","Animation",22
"Sri Lanka","Biography",7
"Sri Lanka","Comedy",182
"Sri Lanka","Crime",140
"Sri Lanka","Documentary",22
"Sri Lanka","Drama",371
"Sri Lanka","Family",17
"Sri Lanka","Fantasy",31
"Sri Lanka","Film-Noir",2
"Sri Lanka","Game-Show",5
"Sri Lanka","History",1
"Sri Lanka","Horror",23
"Sri Lanka","Musical",1
"Sri Lanka","Mystery",79
"Sri Lanka","Reality-TV",6
"Sri Lanka","Romance",106
"Sri Lanka","Sci-Fi",42
"Sri Lanka","Sport",6
"Sri Lanka","Thriller",76
"Sri Lanka","War",4
"Sweden","Action",183
"Sweden","Adult",3
"Sweden","Adventure",118
"Sweden","Animation",54
"Sweden","Biography",15
"Sweden","Comedy",161
"Sweden","Crime",142
"Sweden","Documentary",31
"Sweden","Drama",342
"Sweden","Family",16
"Sweden","Fantasy",41
"Sweden","Film-Noir",3
"Sweden","Game-Show",6
"Sweden","History",8
"Sweden","Horror",24
"Sweden","Music",6
"Sweden","Mystery",53
"Sweden","Reality-TV",14
"Sweden","Romance",81
"Sweden","Sci-Fi",28
"Sweden","Short",1
"Sweden","Sport",12
"Sweden","Thriller",64
"Sweden","War",10
"Sweden","Western",4
"Switzerland","Action",180
"Switzerland","Adult",8
"Switzerland","Adventure",110
"Switzerland","Animation",31
"Switzerland","Biography",13
"Switzerland","Comedy",186
"Switzerland","Crime",153
"Switzerland","Documentary",26
"Switzerland","Drama",346
"Switzerland","Family",34
"Switzerland","Fantasy",52
"Switzerland","Film-Noir",3
"Switzerland","Game-Show",5
"Switzerland","History",3
"Switzerland","Horror",27
"Switzerland","Music",7
"Switzerland","Musical",2
"Switzerland","Mystery",59
"Switzerland","Reality-TV",11
"Switzerland","Romance",85
"Switzerland","Sci-Fi",27
"Switzerland","Sport",16
"Switzerland","Thriller",70
"Switzerland","War",4
"Taiwan","Action",193
"Taiwan","Adult",1
"Taiwan","Adventure",102
"Taiwan","Animation",32
"Taiwan","Biography",16
"Taiwan","Comedy",169
"Taiwan","Crime",101
"Taiwan","Documentary",15
"Taiwan","Drama",347
"Taiwan","Family",13
"Taiwan","Fantasy",36
"Taiwan","Film-Noir",2
"Taiwan","Game-Show",1
"Taiwan","History",5
"Taiwan","Horror",32
"Taiwan","Music",3
"Taiwan","Musical",2
"Taiwan","Mystery",78
"Taiwan","Reality-TV",1
"Taiwan","Romance",148
"Taiwan","Sci-Fi",52
"Taiwan","Short",2
"Taiwan","Sport",13
"Taiwan","Thriller",67
"Taiwan","War",3
"Taiwan","Western",1
"Thailand","Action",242
"Thailand","Adventure",145
"Thailand","Animation",46
"Thailand","Biography",9
"Thailand","Comedy",206
"Thailand","Crime",117
"Thailand","Documentary",11
"Thailand","Drama",263
"Thailand","Family",13
"Thailand","Fantasy",43
"Thailand","Film-Noir",2
"Thailand","History",15
"Thailand","Horror",41
"Thailand","Music",1
"Thailand","Musical",3
"Thailand","Mystery",60
"Thailand","Romance",133
"Thailand","Sci-Fi",47
"Thailand","Short",2
"Thailand","Sport",6
"Thailand","Thriller",84
"Thailand","War",5
"Thailand","Western",2
"Trinidad and Tobago","Action",194
"Trinidad and Tobago","Adult",1
"Trinidad and Tobago","Adventure",105
"Trinidad and Tobago","Animation",57
"Trinidad and Tobago","Biography",7
"Trinidad and Tobago","Comedy",174
"Trinidad and Tobago","Crime",150
"Trinidad and Tobago","Documentary",15
"Trinidad and Tobago","Drama",312
"Trinidad and Tobago","Family",20
"Trinidad and Tobago","Fantasy",33
"Trinidad and Tobago","Film-Noir",3
"Trinidad and Tobago","Game-Show",6
"Trinidad and Tobago","Horror",28
"Trinidad and Tobago","Music",4
"Trinidad and Tobago","Mystery",43
"Trinidad and Tobago","Reality-TV",8
"Trinidad and Tobago","Romance",82
"Trinidad and Tobago","Sci-Fi",25
"Trinidad and Tobago","Sport",7
"Trinidad and Tobago","Thriller",96
"Trinidad and Tobago","War",4
"Trinidad and Tobago","Western",4
"Turkey","Action",201
"Turkey","Adult",1
"Turkey","Adventure",115
"Turkey","Animation",32
"Turkey","Biography",10
"Turkey","Comedy",163
"Turkey","Crime",139
"Turkey","Documentary",23
"Turkey","Drama",374
"Turkey","Family",28
"Turkey","Fantasy",61
"Turkey","Film-Noir",3
"Turkey","Game-Show",3
"Turkey","History",4
"Turkey","Horror",38
"Turkey","Music",3
"Turkey","Musical",6
"Turkey","Mystery",52
"Turkey","Reality-TV",5
"Turkey","Romance",81
"Turkey","Sci-Fi",32
"Turkey","Sport",7
"Turkey","Thriller",83
"Turkey","War",4
"Ukraine","Action",211
"Ukraine","Adult",5
"Ukraine","Adventure",129
"Ukraine","Animation",63
"Ukraine","Biography",11
"Ukraine","Comedy",194
"Ukraine","Crime",169
"Ukraine","Documentary",30
"Ukraine","Drama",334
"Ukraine","Family",26
"Ukraine","Fantasy",26
"Ukraine","Film-Noir",3
"Ukraine","Game-Show",2
"Ukraine","Horror",27
"Ukraine","Music",3
"Ukraine","Musical",1
"Ukraine","Mystery",45
"Ukraine","Reality-TV",4
"Ukraine","Romance",73
"Ukraine","Sci-Fi",25
"Ukraine","Short",1
"Ukraine","Sport",10
"Ukraine","Talk-Show",2
"Ukraine","Thriller",73
"Ukraine","War",2
"United Arab Emirates","Action",203
"United Arab Emirates","Adult",1
"United Arab Emirates","Adventure",110
"United Arab Emirates","Animation",37
"United Arab Emirates","Biography",21
"United Arab Emirates","Comedy",172
"United Arab Emirates","Crime",132
"United Arab Emirates","Documentary",25
"United Arab Emirates","Drama",350
"United Arab Emirates","Family",14
"United Arab Emirates","Fantasy",41
"United Arab Emirates","Film-Noir",2
"United Arab Emirates","Game-Show",9
"United Arab Emirates","History",5
"United Arab Emirates","Horror",28
"United Arab Emirates","Music",1
"United Arab Emirates","Musical",2
"United Arab Emirates","Mystery",51
"United Arab Emirates","Reality-TV",16
"United Arab Emirates","Romance",106
"United Arab Emirates","Sci-Fi",27
"United Arab Emirates","Sport",7
"United Arab Emirates","Thriller",86
"United Arab Emirates","War",5
"United Kingdom","Action",177
"United Kingdom","Adult",4
"United Kingdom","Adventure",136
"United Kingdom","Animation",60
"United Kingdom","Biography",16
"United Kingdom","Comedy",220
"United Kingdom","Crime",114
"United Kingdom","Documentary",38
"United Kingdom","Drama",288
"United Kingdom","Family",26
"United Kingdom","Fantasy",40
"United Kingdom","Film-Noir",3
"United Kingdom","Game-Show",5
"United Kingdom","History",3
"United Kingdom","Horror",30
"United Kingdom","Music",1
"United Kingdom","Musical",2
"United Kingdom","Mystery",38
"United Kingdom","Reality-TV",18
"United Kingdom","Romance",76
"United Kingdom","Sci-Fi",34
"United Kingdom","Short",3
"United Kingdom","Sport",12
"United Kingdom","Thriller",73
"United Kingdom","War",4
"United Kingdom","Western",1
"United States","Action",147
"United States","Adult",2
"United States","Adventure",115
"United States","Animation",48
"United States","Biography",8
"United States","Comedy",170
"United States","Crime",116
"United States","Documentary",33
"United States","Drama",281
"United States","Family",31
"United States","Fantasy",26
"United States","Film-Noir",4
"United States","Game-Show",10
"United States","Horror",31
"United States","Music",9
"United States","Mystery",56
"United States","Reality-TV",23
"United States","Romance",73
"United States","Sci-Fi",37
"United States","Sport",27
"United States","Thriller",46
"United States","War",7
"United States","Western",3
"Uruguay","Action",131
"Uruguay","Adult",1
"Uruguay","Adventure",101
"Uruguay","Animation",50
"Uruguay","Biography",13
"Uruguay","Comedy",165
"Uruguay","Crime",155
"Uruguay","Documentary",19
"Uruguay","Drama",371
"Uruguay","Family",14
"Uruguay","Fantasy",16
"Uruguay","Film-Noir",2
"Uruguay","Game-Show",1
"Uruguay","History",5
"Uruguay","Horror",30
"Uruguay","Music",35
"Uruguay","Musical",2
"Uruguay","Mystery",59
"Uruguay","Reality-TV",3
"Uruguay","Romance",88
"Uruguay","Sci-Fi",15
"Uruguay","Sport",9
"Uruguay","Talk-Show",1
"Uruguay","Thriller",86
"Uruguay","War",3
"Uruguay","Western",4
"Venezuela","Action",131
"Venezuela","Adult",3
"Venezuela","Adventure",74
"Venezuela","Animation",41
"Venezuela","Biography",7
"Venezuela","Comedy",176
"Venezuela","Crime",123
"Venezuela","Documentary",18
"Venezuela","Drama",322
"Venezuela","Family",15
"Venezuela","Fantasy",15
"Venezuela","Film-Noir",2
"Venezuela","Horror",22
"Venezuela","Music",27
"Venezuela","Musical",2
"Venezuela","Mystery",44
"Venezuela","Reality-TV",3
"Venezuela","Romance",122
"Venezuela","Sci-Fi",12
"Venezuela","Sport",10
"Venezuela","Thriller",85
"Venezuela","War",3
"Venezuela","Western",4
"Vietnam","Action",254
"Vietnam","Adventure",132
"Vietnam","Animation",24
"Vietnam","Biography",8
"Vietnam","Comedy",237
"Vietnam","Crime",119
"Vietnam","Documentary",11
"Vietnam","Drama",326
"Vietnam","Family",32
"Vietnam","Fantasy",43
"Vietnam","Film-Noir",2
"Vietnam","Game-Show",1
"Vietnam","History",17
"Vietnam","Horror",32
"Vietnam","Music",4
"Vietnam","Musical",4
"Vietnam","Mystery",51
"Vietnam","Reality-TV",1
"Vietnam","Romance",127
"Vietnam","Sci-Fi",52
"Vietnam","Short",3
"Vietnam","Sport",2
"Vietnam","Thriller",94
"Vietnam","War",4
"Vietnam","Western",3
