"id","n","label","parent"
"total",117551,NA,NA
"total  -  Action",17421,"Action","total"
"total  -  Adventure",10156,"Adventure","total"
"total  -  Animation",4090,"Animation","total"
"total  -  Comedy",17357,"Comedy","total"
"total  -  Crime",12500,"Crime","total"
"total  -  Documentary",392,"Documentary","total"
"total  -  Drama",30278,"Drama","total"
"total  -  Family",257,"Family","total"
"total  -  Fantasy",1974,"Fantasy","total"
"total  -  Horror",572,"Horror","total"
"total  -  Music",401,"Music","total"
"total  -  Musical",54,"Musical","total"
"total  -  Mystery",4825,"Mystery","total"
"total  -  Romance",8910,"Romance","total"
"total  -  Sci Fi",1194,"Sci Fi","total"
"total  -  Thriller",7170,"Thriller","total"
"total  -  Action  -  Argentina",130,"Argentina","total  -  Action"
"total  -  Adventure  -  Argentina",98,"Argentina","total  -  Adventure"
"total  -  Animation  -  Argentina",58,"Argentina","total  -  Animation"
"total  -  Comedy  -  Argentina",170,"Argentina","total  -  Comedy"
"total  -  Crime  -  Argentina",138,"Argentina","total  -  Crime"
"total  -  Drama  -  Argentina",361,"Argentina","total  -  Drama"
"total  -  Music  -  Argentina",35,"Argentina","total  -  Music"
"total  -  Mystery  -  Argentina",59,"Argentina","total  -  Mystery"
"total  -  Romance  -  Argentina",102,"Argentina","total  -  Romance"
"total  -  Thriller  -  Argentina",84,"Argentina","total  -  Thriller"
"total  -  Action  -  Australia",198,"Australia","total  -  Action"
"total  -  Adventure  -  Australia",130,"Australia","total  -  Adventure"
"total  -  Animation  -  Australia",50,"Australia","total  -  Animation"
"total  -  Comedy  -  Australia",197,"Australia","total  -  Comedy"
"total  -  Crime  -  Australia",141,"Australia","total  -  Crime"
"total  -  Drama  -  Australia",295,"Australia","total  -  Drama"
"total  -  Fantasy  -  Australia",47,"Australia","total  -  Fantasy"
"total  -  Mystery  -  Australia",52,"Australia","total  -  Mystery"
"total  -  Romance  -  Australia",71,"Australia","total  -  Romance"
"total  -  Sci Fi  -  Australia",47,"Australia","total  -  Sci Fi"
"total  -  Thriller  -  Australia",68,"Australia","total  -  Thriller"
"total  -  Action  -  Austria",197,"Austria","total  -  Action"
"total  -  Adventure  -  Austria",115,"Austria","total  -  Adventure"
"total  -  Comedy  -  Austria",184,"Austria","total  -  Comedy"
"total  -  Crime  -  Austria",158,"Austria","total  -  Crime"
"total  -  Drama  -  Austria",323,"Austria","total  -  Drama"
"total  -  Family  -  Austria",36,"Austria","total  -  Family"
"total  -  Fantasy  -  Austria",51,"Austria","total  -  Fantasy"
"total  -  Mystery  -  Austria",61,"Austria","total  -  Mystery"
"total  -  Romance  -  Austria",80,"Austria","total  -  Romance"
"total  -  Thriller  -  Austria",84,"Austria","total  -  Thriller"
"total  -  Action  -  Bahamas",176,"Bahamas","total  -  Action"
"total  -  Adventure  -  Bahamas",96,"Bahamas","total  -  Adventure"
"total  -  Animation  -  Bahamas",76,"Bahamas","total  -  Animation"
"total  -  Comedy  -  Bahamas",186,"Bahamas","total  -  Comedy"
"total  -  Crime  -  Bahamas",146,"Bahamas","total  -  Crime"
"total  -  Drama  -  Bahamas",300,"Bahamas","total  -  Drama"
"total  -  Family  -  Bahamas",45,"Bahamas","total  -  Family"
"total  -  Mystery  -  Bahamas",37,"Bahamas","total  -  Mystery"
"total  -  Romance  -  Bahamas",64,"Bahamas","total  -  Romance"
"total  -  Thriller  -  Bahamas",94,"Bahamas","total  -  Thriller"
"total  -  Action  -  Bahrain",195,"Bahrain","total  -  Action"
"total  -  Adventure  -  Bahrain",101,"Bahrain","total  -  Adventure"
"total  -  Animation  -  Bahrain",37,"Bahrain","total  -  Animation"
"total  -  Comedy  -  Bahrain",173,"Bahrain","total  -  Comedy"
"total  -  Crime  -  Bahrain",127,"Bahrain","total  -  Crime"
"total  -  Drama  -  Bahrain",333,"Bahrain","total  -  Drama"
"total  -  Fantasy  -  Bahrain",38,"Bahrain","total  -  Fantasy"
"total  -  Mystery  -  Bahrain",54,"Bahrain","total  -  Mystery"
"total  -  Romance  -  Bahrain",90,"Bahrain","total  -  Romance"
"total  -  Thriller  -  Bahrain",89,"Bahrain","total  -  Thriller"
"total  -  Action  -  Bangladesh",223,"Bangladesh","total  -  Action"
"total  -  Adventure  -  Bangladesh",82,"Bangladesh","total  -  Adventure"
"total  -  Animation  -  Bangladesh",32,"Bangladesh","total  -  Animation"
"total  -  Comedy  -  Bangladesh",198,"Bangladesh","total  -  Comedy"
"total  -  Crime  -  Bangladesh",170,"Bangladesh","total  -  Crime"
"total  -  Drama  -  Bangladesh",368,"Bangladesh","total  -  Drama"
"total  -  Mystery  -  Bangladesh",95,"Bangladesh","total  -  Mystery"
"total  -  Romance  -  Bangladesh",95,"Bangladesh","total  -  Romance"
"total  -  Sci Fi  -  Bangladesh",34,"Bangladesh","total  -  Sci Fi"
"total  -  Thriller  -  Bangladesh",81,"Bangladesh","total  -  Thriller"
"total  -  Action  -  Belgium",193,"Belgium","total  -  Action"
"total  -  Adventure  -  Belgium",126,"Belgium","total  -  Adventure"
"total  -  Animation  -  Belgium",55,"Belgium","total  -  Animation"
"total  -  Comedy  -  Belgium",192,"Belgium","total  -  Comedy"
"total  -  Crime  -  Belgium",137,"Belgium","total  -  Crime"
"total  -  Drama  -  Belgium",313,"Belgium","total  -  Drama"
"total  -  Fantasy  -  Belgium",49,"Belgium","total  -  Fantasy"
"total  -  Mystery  -  Belgium",50,"Belgium","total  -  Mystery"
"total  -  Romance  -  Belgium",82,"Belgium","total  -  Romance"
"total  -  Thriller  -  Belgium",68,"Belgium","total  -  Thriller"
"total  -  Action  -  Bolivia",161,"Bolivia","total  -  Action"
"total  -  Adventure  -  Bolivia",139,"Bolivia","total  -  Adventure"
"total  -  Animation  -  Bolivia",100,"Bolivia","total  -  Animation"
"total  -  Comedy  -  Bolivia",215,"Bolivia","total  -  Comedy"
"total  -  Crime  -  Bolivia",86,"Bolivia","total  -  Crime"
"total  -  Drama  -  Bolivia",268,"Bolivia","total  -  Drama"
"total  -  Fantasy  -  Bolivia",22,"Bolivia","total  -  Fantasy"
"total  -  Horror  -  Bolivia",22,"Bolivia","total  -  Horror"
"total  -  Mystery  -  Bolivia",39,"Bolivia","total  -  Mystery"
"total  -  Romance  -  Bolivia",113,"Bolivia","total  -  Romance"
"total  -  Thriller  -  Bolivia",57,"Bolivia","total  -  Thriller"
"total  -  Action  -  Brazil",161,"Brazil","total  -  Action"
"total  -  Adventure  -  Brazil",153,"Brazil","total  -  Adventure"
"total  -  Animation  -  Brazil",71,"Brazil","total  -  Animation"
"total  -  Comedy  -  Brazil",175,"Brazil","total  -  Comedy"
"total  -  Crime  -  Brazil",119,"Brazil","total  -  Crime"
"total  -  Drama  -  Brazil",297,"Brazil","total  -  Drama"
"total  -  Family  -  Brazil",102,"Brazil","total  -  Family"
"total  -  Musical  -  Brazil",54,"Brazil","total  -  Musical"
"total  -  Romance  -  Brazil",118,"Brazil","total  -  Romance"
"total  -  Thriller  -  Brazil",65,"Brazil","total  -  Thriller"
"total  -  Action  -  Bulgaria",218,"Bulgaria","total  -  Action"
"total  -  Adventure  -  Bulgaria",119,"Bulgaria","total  -  Adventure"
"total  -  Animation  -  Bulgaria",48,"Bulgaria","total  -  Animation"
"total  -  Comedy  -  Bulgaria",186,"Bulgaria","total  -  Comedy"
"total  -  Crime  -  Bulgaria",127,"Bulgaria","total  -  Crime"
"total  -  Drama  -  Bulgaria",316,"Bulgaria","total  -  Drama"
"total  -  Mystery  -  Bulgaria",46,"Bulgaria","total  -  Mystery"
"total  -  Romance  -  Bulgaria",97,"Bulgaria","total  -  Romance"
"total  -  Sci Fi  -  Bulgaria",40,"Bulgaria","total  -  Sci Fi"
"total  -  Thriller  -  Bulgaria",69,"Bulgaria","total  -  Thriller"
"total  -  Action  -  Canada",174,"Canada","total  -  Action"
"total  -  Adventure  -  Canada",96,"Canada","total  -  Adventure"
"total  -  Animation  -  Canada",50,"Canada","total  -  Animation"
"total  -  Comedy  -  Canada",179,"Canada","total  -  Comedy"
"total  -  Crime  -  Canada",156,"Canada","total  -  Crime"
"total  -  Documentary  -  Canada",35,"Canada","total  -  Documentary"
"total  -  Drama  -  Canada",293,"Canada","total  -  Drama"
"total  -  Mystery  -  Canada",61,"Canada","total  -  Mystery"
"total  -  Romance  -  Canada",70,"Canada","total  -  Romance"
"total  -  Sci Fi  -  Canada",35,"Canada","total  -  Sci Fi"
"total  -  Thriller  -  Canada",74,"Canada","total  -  Thriller"
"total  -  Action  -  Chile",130,"Chile","total  -  Action"
"total  -  Adventure  -  Chile",115,"Chile","total  -  Adventure"
"total  -  Animation  -  Chile",76,"Chile","total  -  Animation"
"total  -  Comedy  -  Chile",202,"Chile","total  -  Comedy"
"total  -  Crime  -  Chile",104,"Chile","total  -  Crime"
"total  -  Drama  -  Chile",329,"Chile","total  -  Drama"
"total  -  Music  -  Chile",35,"Chile","total  -  Music"
"total  -  Mystery  -  Chile",43,"Chile","total  -  Mystery"
"total  -  Romance  -  Chile",124,"Chile","total  -  Romance"
"total  -  Thriller  -  Chile",64,"Chile","total  -  Thriller"
"total  -  Action  -  Colombia",144,"Colombia","total  -  Action"
"total  -  Adventure  -  Colombia",104,"Colombia","total  -  Adventure"
"total  -  Animation  -  Colombia",63,"Colombia","total  -  Animation"
"total  -  Comedy  -  Colombia",192,"Colombia","total  -  Comedy"
"total  -  Crime  -  Colombia",113,"Colombia","total  -  Crime"
"total  -  Documentary  -  Colombia",34,"Colombia","total  -  Documentary"
"total  -  Drama  -  Colombia",284,"Colombia","total  -  Drama"
"total  -  Mystery  -  Colombia",43,"Colombia","total  -  Mystery"
"total  -  Romance  -  Colombia",113,"Colombia","total  -  Romance"
"total  -  Thriller  -  Colombia",79,"Colombia","total  -  Thriller"
"total  -  Action  -  Costa Rica",123,"Costa Rica","total  -  Action"
"total  -  Adventure  -  Costa Rica",95,"Costa Rica","total  -  Adventure"
"total  -  Animation  -  Costa Rica",62,"Costa Rica","total  -  Animation"
"total  -  Comedy  -  Costa Rica",202,"Costa Rica","total  -  Comedy"
"total  -  Crime  -  Costa Rica",101,"Costa Rica","total  -  Crime"
"total  -  Drama  -  Costa Rica",319,"Costa Rica","total  -  Drama"
"total  -  Music  -  Costa Rica",32,"Costa Rica","total  -  Music"
"total  -  Mystery  -  Costa Rica",40,"Costa Rica","total  -  Mystery"
"total  -  Romance  -  Costa Rica",133,"Costa Rica","total  -  Romance"
"total  -  Thriller  -  Costa Rica",76,"Costa Rica","total  -  Thriller"
"total  -  Action  -  Croatia",173,"Croatia","total  -  Action"
"total  -  Adventure  -  Croatia",108,"Croatia","total  -  Adventure"
"total  -  Animation  -  Croatia",53,"Croatia","total  -  Animation"
"total  -  Comedy  -  Croatia",206,"Croatia","total  -  Comedy"
"total  -  Crime  -  Croatia",141,"Croatia","total  -  Crime"
"total  -  Documentary  -  Croatia",32,"Croatia","total  -  Documentary"
"total  -  Drama  -  Croatia",307,"Croatia","total  -  Drama"
"total  -  Mystery  -  Croatia",48,"Croatia","total  -  Mystery"
"total  -  Romance  -  Croatia",89,"Croatia","total  -  Romance"
"total  -  Thriller  -  Croatia",69,"Croatia","total  -  Thriller"
"total  -  Action  -  Cyprus",195,"Cyprus","total  -  Action"
"total  -  Adventure  -  Cyprus",122,"Cyprus","total  -  Adventure"
"total  -  Animation  -  Cyprus",47,"Cyprus","total  -  Animation"
"total  -  Comedy  -  Cyprus",195,"Cyprus","total  -  Comedy"
"total  -  Crime  -  Cyprus",129,"Cyprus","total  -  Crime"
"total  -  Drama  -  Cyprus",330,"Cyprus","total  -  Drama"
"total  -  Mystery  -  Cyprus",50,"Cyprus","total  -  Mystery"
"total  -  Romance  -  Cyprus",94,"Cyprus","total  -  Romance"
"total  -  Sci Fi  -  Cyprus",44,"Cyprus","total  -  Sci Fi"
"total  -  Thriller  -  Cyprus",67,"Cyprus","total  -  Thriller"
"total  -  Action  -  Czech Republic",196,"Czech Republic","total  -  Action"
"total  -  Adventure  -  Czech Republic",145,"Czech Republic","total  -  Adventure"
"total  -  Animation  -  Czech Republic",81,"Czech Republic","total  -  Animation"
"total  -  Comedy  -  Czech Republic",196,"Czech Republic","total  -  Comedy"
"total  -  Crime  -  Czech Republic",135,"Czech Republic","total  -  Crime"
"total  -  Drama  -  Czech Republic",298,"Czech Republic","total  -  Drama"
"total  -  Fantasy  -  Czech Republic",45,"Czech Republic","total  -  Fantasy"
"total  -  Mystery  -  Czech Republic",54,"Czech Republic","total  -  Mystery"
"total  -  Romance  -  Czech Republic",70,"Czech Republic","total  -  Romance"
"total  -  Thriller  -  Czech Republic",53,"Czech Republic","total  -  Thriller"
"total  -  Action  -  Denmark",186,"Denmark","total  -  Action"
"total  -  Adventure  -  Denmark",114,"Denmark","total  -  Adventure"
"total  -  Animation  -  Denmark",54,"Denmark","total  -  Animation"
"total  -  Comedy  -  Denmark",184,"Denmark","total  -  Comedy"
"total  -  Crime  -  Denmark",150,"Denmark","total  -  Crime"
"total  -  Drama  -  Denmark",319,"Denmark","total  -  Drama"
"total  -  Fantasy  -  Denmark",37,"Denmark","total  -  Fantasy"
"total  -  Mystery  -  Denmark",54,"Denmark","total  -  Mystery"
"total  -  Romance  -  Denmark",85,"Denmark","total  -  Romance"
"total  -  Thriller  -  Denmark",66,"Denmark","total  -  Thriller"
"total  -  Action  -  Dominican Republic",175,"Dominican Republic","total  -  Action"
"total  -  Adventure  -  Dominican Republic",103,"Dominican Republic","total  -  Adventure"
"total  -  Animation  -  Dominican Republic",53,"Dominican Republic","total  -  Animation"
"total  -  Comedy  -  Dominican Republic",163,"Dominican Republic","total  -  Comedy"
"total  -  Crime  -  Dominican Republic",119,"Dominican Republic","total  -  Crime"
"total  -  Drama  -  Dominican Republic",276,"Dominican Republic","total  -  Drama"
"total  -  Fantasy  -  Dominican Republic",33,"Dominican Republic","total  -  Fantasy"
"total  -  Mystery  -  Dominican Republic",34,"Dominican Republic","total  -  Mystery"
"total  -  Romance  -  Dominican Republic",85,"Dominican Republic","total  -  Romance"
"total  -  Thriller  -  Dominican Republic",80,"Dominican Republic","total  -  Thriller"
"total  -  Action  -  Ecuador",146,"Ecuador","total  -  Action"
"total  -  Adventure  -  Ecuador",116,"Ecuador","total  -  Adventure"
"total  -  Animation  -  Ecuador",71,"Ecuador","total  -  Animation"
"total  -  Comedy  -  Ecuador",205,"Ecuador","total  -  Comedy"
"total  -  Crime  -  Ecuador",89,"Ecuador","total  -  Crime"
"total  -  Drama  -  Ecuador",269,"Ecuador","total  -  Drama"
"total  -  Music  -  Ecuador",31,"Ecuador","total  -  Music"
"total  -  Mystery  -  Ecuador",36,"Ecuador","total  -  Mystery"
"total  -  Romance  -  Ecuador",108,"Ecuador","total  -  Romance"
"total  -  Thriller  -  Ecuador",70,"Ecuador","total  -  Thriller"
"total  -  Action  -  Egypt",188,"Egypt","total  -  Action"
"total  -  Adventure  -  Egypt",100,"Egypt","total  -  Adventure"
"total  -  Animation  -  Egypt",37,"Egypt","total  -  Animation"
"total  -  Comedy  -  Egypt",190,"Egypt","total  -  Comedy"
"total  -  Crime  -  Egypt",113,"Egypt","total  -  Crime"
"total  -  Drama  -  Egypt",330,"Egypt","total  -  Drama"
"total  -  Fantasy  -  Egypt",34,"Egypt","total  -  Fantasy"
"total  -  Mystery  -  Egypt",45,"Egypt","total  -  Mystery"
"total  -  Romance  -  Egypt",102,"Egypt","total  -  Romance"
"total  -  Thriller  -  Egypt",85,"Egypt","total  -  Thriller"
"total  -  Action  -  El Salvador",139,"El Salvador","total  -  Action"
"total  -  Adventure  -  El Salvador",103,"El Salvador","total  -  Adventure"
"total  -  Animation  -  El Salvador",66,"El Salvador","total  -  Animation"
"total  -  Comedy  -  El Salvador",189,"El Salvador","total  -  Comedy"
"total  -  Crime  -  El Salvador",105,"El Salvador","total  -  Crime"
"total  -  Drama  -  El Salvador",287,"El Salvador","total  -  Drama"
"total  -  Music  -  El Salvador",30,"El Salvador","total  -  Music"
"total  -  Mystery  -  El Salvador",36,"El Salvador","total  -  Mystery"
"total  -  Romance  -  El Salvador",113,"El Salvador","total  -  Romance"
"total  -  Thriller  -  El Salvador",69,"El Salvador","total  -  Thriller"
"total  -  Action  -  Estonia",195,"Estonia","total  -  Action"
"total  -  Adventure  -  Estonia",118,"Estonia","total  -  Adventure"
"total  -  Animation  -  Estonia",50,"Estonia","total  -  Animation"
"total  -  Comedy  -  Estonia",206,"Estonia","total  -  Comedy"
"total  -  Crime  -  Estonia",121,"Estonia","total  -  Crime"
"total  -  Drama  -  Estonia",264,"Estonia","total  -  Drama"
"total  -  Mystery  -  Estonia",60,"Estonia","total  -  Mystery"
"total  -  Romance  -  Estonia",72,"Estonia","total  -  Romance"
"total  -  Sci Fi  -  Estonia",49,"Estonia","total  -  Sci Fi"
"total  -  Thriller  -  Estonia",64,"Estonia","total  -  Thriller"
"total  -  Action  -  Finland",200,"Finland","total  -  Action"
"total  -  Adventure  -  Finland",106,"Finland","total  -  Adventure"
"total  -  Animation  -  Finland",54,"Finland","total  -  Animation"
"total  -  Comedy  -  Finland",173,"Finland","total  -  Comedy"
"total  -  Crime  -  Finland",155,"Finland","total  -  Crime"
"total  -  Drama  -  Finland",338,"Finland","total  -  Drama"
"total  -  Fantasy  -  Finland",33,"Finland","total  -  Fantasy"
"total  -  Mystery  -  Finland",56,"Finland","total  -  Mystery"
"total  -  Romance  -  Finland",74,"Finland","total  -  Romance"
"total  -  Thriller  -  Finland",63,"Finland","total  -  Thriller"
"total  -  Action  -  France",193,"France","total  -  Action"
"total  -  Adventure  -  France",128,"France","total  -  Adventure"
"total  -  Animation  -  France",50,"France","total  -  Animation"
"total  -  Comedy  -  France",162,"France","total  -  Comedy"
"total  -  Crime  -  France",143,"France","total  -  Crime"
"total  -  Drama  -  France",348,"France","total  -  Drama"
"total  -  Fantasy  -  France",54,"France","total  -  Fantasy"
"total  -  Mystery  -  France",49,"France","total  -  Mystery"
"total  -  Romance  -  France",70,"France","total  -  Romance"
"total  -  Thriller  -  France",86,"France","total  -  Thriller"
"total  -  Action  -  Germany",204,"Germany","total  -  Action"
"total  -  Adventure  -  Germany",139,"Germany","total  -  Adventure"
"total  -  Animation  -  Germany",47,"Germany","total  -  Animation"
"total  -  Comedy  -  Germany",181,"Germany","total  -  Comedy"
"total  -  Crime  -  Germany",153,"Germany","total  -  Crime"
"total  -  Drama  -  Germany",323,"Germany","total  -  Drama"
"total  -  Fantasy  -  Germany",59,"Germany","total  -  Fantasy"
"total  -  Mystery  -  Germany",55,"Germany","total  -  Mystery"
"total  -  Romance  -  Germany",73,"Germany","total  -  Romance"
"total  -  Thriller  -  Germany",85,"Germany","total  -  Thriller"
"total  -  Action  -  Greece",180,"Greece","total  -  Action"
"total  -  Adventure  -  Greece",116,"Greece","total  -  Adventure"
"total  -  Animation  -  Greece",50,"Greece","total  -  Animation"
"total  -  Comedy  -  Greece",176,"Greece","total  -  Comedy"
"total  -  Crime  -  Greece",132,"Greece","total  -  Crime"
"total  -  Drama  -  Greece",334,"Greece","total  -  Drama"
"total  -  Fantasy  -  Greece",42,"Greece","total  -  Fantasy"
"total  -  Mystery  -  Greece",57,"Greece","total  -  Mystery"
"total  -  Romance  -  Greece",92,"Greece","total  -  Romance"
"total  -  Thriller  -  Greece",64,"Greece","total  -  Thriller"
"total  -  Action  -  Guadeloupe",212,"Guadeloupe","total  -  Action"
"total  -  Adventure  -  Guadeloupe",102,"Guadeloupe","total  -  Adventure"
"total  -  Animation  -  Guadeloupe",47,"Guadeloupe","total  -  Animation"
"total  -  Comedy  -  Guadeloupe",162,"Guadeloupe","total  -  Comedy"
"total  -  Crime  -  Guadeloupe",139,"Guadeloupe","total  -  Crime"
"total  -  Drama  -  Guadeloupe",341,"Guadeloupe","total  -  Drama"
"total  -  Fantasy  -  Guadeloupe",48,"Guadeloupe","total  -  Fantasy"
"total  -  Mystery  -  Guadeloupe",40,"Guadeloupe","total  -  Mystery"
"total  -  Romance  -  Guadeloupe",73,"Guadeloupe","total  -  Romance"
"total  -  Thriller  -  Guadeloupe",73,"Guadeloupe","total  -  Thriller"
"total  -  Action  -  Guatemala",123,"Guatemala","total  -  Action"
"total  -  Adventure  -  Guatemala",100,"Guatemala","total  -  Adventure"
"total  -  Animation  -  Guatemala",65,"Guatemala","total  -  Animation"
"total  -  Comedy  -  Guatemala",202,"Guatemala","total  -  Comedy"
"total  -  Crime  -  Guatemala",99,"Guatemala","total  -  Crime"
"total  -  Drama  -  Guatemala",295,"Guatemala","total  -  Drama"
"total  -  Music  -  Guatemala",31,"Guatemala","total  -  Music"
"total  -  Mystery  -  Guatemala",41,"Guatemala","total  -  Mystery"
"total  -  Romance  -  Guatemala",121,"Guatemala","total  -  Romance"
"total  -  Thriller  -  Guatemala",64,"Guatemala","total  -  Thriller"
"total  -  Action  -  Honduras",131,"Honduras","total  -  Action"
"total  -  Adventure  -  Honduras",85,"Honduras","total  -  Adventure"
"total  -  Animation  -  Honduras",48,"Honduras","total  -  Animation"
"total  -  Comedy  -  Honduras",194,"Honduras","total  -  Comedy"
"total  -  Crime  -  Honduras",107,"Honduras","total  -  Crime"
"total  -  Drama  -  Honduras",304,"Honduras","total  -  Drama"
"total  -  Music  -  Honduras",31,"Honduras","total  -  Music"
"total  -  Mystery  -  Honduras",41,"Honduras","total  -  Mystery"
"total  -  Romance  -  Honduras",127,"Honduras","total  -  Romance"
"total  -  Thriller  -  Honduras",70,"Honduras","total  -  Thriller"
"total  -  Action  -  Hong Kong",238,"Hong Kong","total  -  Action"
"total  -  Adventure  -  Hong Kong",113,"Hong Kong","total  -  Adventure"
"total  -  Comedy  -  Hong Kong",159,"Hong Kong","total  -  Comedy"
"total  -  Crime  -  Hong Kong",107,"Hong Kong","total  -  Crime"
"total  -  Drama  -  Hong Kong",325,"Hong Kong","total  -  Drama"
"total  -  Fantasy  -  Hong Kong",44,"Hong Kong","total  -  Fantasy"
"total  -  Mystery  -  Hong Kong",73,"Hong Kong","total  -  Mystery"
"total  -  Romance  -  Hong Kong",120,"Hong Kong","total  -  Romance"
"total  -  Sci Fi  -  Hong Kong",65,"Hong Kong","total  -  Sci Fi"
"total  -  Thriller  -  Hong Kong",79,"Hong Kong","total  -  Thriller"
"total  -  Action  -  Hungary",189,"Hungary","total  -  Action"
"total  -  Adventure  -  Hungary",117,"Hungary","total  -  Adventure"
"total  -  Animation  -  Hungary",65,"Hungary","total  -  Animation"
"total  -  Comedy  -  Hungary",195,"Hungary","total  -  Comedy"
"total  -  Crime  -  Hungary",154,"Hungary","total  -  Crime"
"total  -  Drama  -  Hungary",326,"Hungary","total  -  Drama"
"total  -  Fantasy  -  Hungary",39,"Hungary","total  -  Fantasy"
"total  -  Mystery  -  Hungary",54,"Hungary","total  -  Mystery"
"total  -  Romance  -  Hungary",97,"Hungary","total  -  Romance"
"total  -  Thriller  -  Hungary",61,"Hungary","total  -  Thriller"
"total  -  Action  -  Iceland",179,"Iceland","total  -  Action"
"total  -  Adventure  -  Iceland",121,"Iceland","total  -  Adventure"
"total  -  Animation  -  Iceland",49,"Iceland","total  -  Animation"
"total  -  Comedy  -  Iceland",200,"Iceland","total  -  Comedy"
"total  -  Crime  -  Iceland",135,"Iceland","total  -  Crime"
"total  -  Drama  -  Iceland",290,"Iceland","total  -  Drama"
"total  -  Mystery  -  Iceland",51,"Iceland","total  -  Mystery"
"total  -  Romance  -  Iceland",80,"Iceland","total  -  Romance"
"total  -  Sci Fi  -  Iceland",37,"Iceland","total  -  Sci Fi"
"total  -  Thriller  -  Iceland",64,"Iceland","total  -  Thriller"
"total  -  Action  -  India",252,"India","total  -  Action"
"total  -  Adventure  -  India",62,"India","total  -  Adventure"
"total  -  Comedy  -  India",189,"India","total  -  Comedy"
"total  -  Crime  -  India",211,"India","total  -  Crime"
"total  -  Drama  -  India",397,"India","total  -  Drama"
"total  -  Fantasy  -  India",42,"India","total  -  Fantasy"
"total  -  Horror  -  India",26,"India","total  -  Horror"
"total  -  Mystery  -  India",79,"India","total  -  Mystery"
"total  -  Romance  -  India",88,"India","total  -  Romance"
"total  -  Thriller  -  India",84,"India","total  -  Thriller"
"total  -  Action  -  Indonesia",205,"Indonesia","total  -  Action"
"total  -  Adventure  -  Indonesia",84,"Indonesia","total  -  Adventure"
"total  -  Comedy  -  Indonesia",180,"Indonesia","total  -  Comedy"
"total  -  Crime  -  Indonesia",135,"Indonesia","total  -  Crime"
"total  -  Drama  -  Indonesia",316,"Indonesia","total  -  Drama"
"total  -  Horror  -  Indonesia",46,"Indonesia","total  -  Horror"
"total  -  Mystery  -  Indonesia",70,"Indonesia","total  -  Mystery"
"total  -  Romance  -  Indonesia",110,"Indonesia","total  -  Romance"
"total  -  Sci Fi  -  Indonesia",42,"Indonesia","total  -  Sci Fi"
"total  -  Thriller  -  Indonesia",90,"Indonesia","total  -  Thriller"
"total  -  Action  -  Ireland",139,"Ireland","total  -  Action"
"total  -  Adventure  -  Ireland",129,"Ireland","total  -  Adventure"
"total  -  Animation  -  Ireland",66,"Ireland","total  -  Animation"
"total  -  Comedy  -  Ireland",218,"Ireland","total  -  Comedy"
"total  -  Crime  -  Ireland",135,"Ireland","total  -  Crime"
"total  -  Documentary  -  Ireland",39,"Ireland","total  -  Documentary"
"total  -  Drama  -  Ireland",300,"Ireland","total  -  Drama"
"total  -  Mystery  -  Ireland",37,"Ireland","total  -  Mystery"
"total  -  Romance  -  Ireland",81,"Ireland","total  -  Romance"
"total  -  Thriller  -  Ireland",69,"Ireland","total  -  Thriller"
"total  -  Action  -  Israel",188,"Israel","total  -  Action"
"total  -  Adventure  -  Israel",109,"Israel","total  -  Adventure"
"total  -  Animation  -  Israel",51,"Israel","total  -  Animation"
"total  -  Comedy  -  Israel",180,"Israel","total  -  Comedy"
"total  -  Crime  -  Israel",124,"Israel","total  -  Crime"
"total  -  Drama  -  Israel",332,"Israel","total  -  Drama"
"total  -  Mystery  -  Israel",39,"Israel","total  -  Mystery"
"total  -  Romance  -  Israel",84,"Israel","total  -  Romance"
"total  -  Sci Fi  -  Israel",38,"Israel","total  -  Sci Fi"
"total  -  Thriller  -  Israel",92,"Israel","total  -  Thriller"
"total  -  Action  -  Italy",167,"Italy","total  -  Action"
"total  -  Adventure  -  Italy",81,"Italy","total  -  Adventure"
"total  -  Comedy  -  Italy",183,"Italy","total  -  Comedy"
"total  -  Crime  -  Italy",151,"Italy","total  -  Crime"
"total  -  Drama  -  Italy",368,"Italy","total  -  Drama"
"total  -  Fantasy  -  Italy",37,"Italy","total  -  Fantasy"
"total  -  Mystery  -  Italy",67,"Italy","total  -  Mystery"
"total  -  Romance  -  Italy",96,"Italy","total  -  Romance"
"total  -  Sci Fi  -  Italy",35,"Italy","total  -  Sci Fi"
"total  -  Thriller  -  Italy",62,"Italy","total  -  Thriller"
"total  -  Action  -  Jamaica",215,"Jamaica","total  -  Action"
"total  -  Adventure  -  Jamaica",116,"Jamaica","total  -  Adventure"
"total  -  Animation  -  Jamaica",82,"Jamaica","total  -  Animation"
"total  -  Comedy  -  Jamaica",188,"Jamaica","total  -  Comedy"
"total  -  Crime  -  Jamaica",149,"Jamaica","total  -  Crime"
"total  -  Drama  -  Jamaica",296,"Jamaica","total  -  Drama"
"total  -  Fantasy  -  Jamaica",39,"Jamaica","total  -  Fantasy"
"total  -  Mystery  -  Jamaica",38,"Jamaica","total  -  Mystery"
"total  -  Romance  -  Jamaica",72,"Jamaica","total  -  Romance"
"total  -  Thriller  -  Jamaica",94,"Jamaica","total  -  Thriller"
"total  -  Action  -  Japan",227,"Japan","total  -  Action"
"total  -  Adventure  -  Japan",156,"Japan","total  -  Adventure"
"total  -  Animation  -  Japan",98,"Japan","total  -  Animation"
"total  -  Comedy  -  Japan",162,"Japan","total  -  Comedy"
"total  -  Crime  -  Japan",78,"Japan","total  -  Crime"
"total  -  Drama  -  Japan",277,"Japan","total  -  Drama"
"total  -  Horror  -  Japan",39,"Japan","total  -  Horror"
"total  -  Mystery  -  Japan",38,"Japan","total  -  Mystery"
"total  -  Romance  -  Japan",165,"Japan","total  -  Romance"
"total  -  Thriller  -  Japan",65,"Japan","total  -  Thriller"
"total  -  Action  -  Jordan",197,"Jordan","total  -  Action"
"total  -  Adventure  -  Jordan",88,"Jordan","total  -  Adventure"
"total  -  Animation  -  Jordan",33,"Jordan","total  -  Animation"
"total  -  Comedy  -  Jordan",243,"Jordan","total  -  Comedy"
"total  -  Crime  -  Jordan",118,"Jordan","total  -  Crime"
"total  -  Drama  -  Jordan",297,"Jordan","total  -  Drama"
"total  -  Fantasy  -  Jordan",32,"Jordan","total  -  Fantasy"
"total  -  Mystery  -  Jordan",39,"Jordan","total  -  Mystery"
"total  -  Romance  -  Jordan",165,"Jordan","total  -  Romance"
"total  -  Thriller  -  Jordan",84,"Jordan","total  -  Thriller"
"total  -  Action  -  Kenya",196,"Kenya","total  -  Action"
"total  -  Adventure  -  Kenya",85,"Kenya","total  -  Adventure"
"total  -  Animation  -  Kenya",27,"Kenya","total  -  Animation"
"total  -  Comedy  -  Kenya",192,"Kenya","total  -  Comedy"
"total  -  Crime  -  Kenya",136,"Kenya","total  -  Crime"
"total  -  Drama  -  Kenya",337,"Kenya","total  -  Drama"
"total  -  Fantasy  -  Kenya",27,"Kenya","total  -  Fantasy"
"total  -  Mystery  -  Kenya",51,"Kenya","total  -  Mystery"
"total  -  Romance  -  Kenya",92,"Kenya","total  -  Romance"
"total  -  Sci Fi  -  Kenya",35,"Kenya","total  -  Sci Fi"
"total  -  Thriller  -  Kenya",94,"Kenya","total  -  Thriller"
"total  -  Action  -  Kuwait",211,"Kuwait","total  -  Action"
"total  -  Adventure  -  Kuwait",119,"Kuwait","total  -  Adventure"
"total  -  Animation  -  Kuwait",56,"Kuwait","total  -  Animation"
"total  -  Comedy  -  Kuwait",175,"Kuwait","total  -  Comedy"
"total  -  Crime  -  Kuwait",119,"Kuwait","total  -  Crime"
"total  -  Drama  -  Kuwait",325,"Kuwait","total  -  Drama"
"total  -  Fantasy  -  Kuwait",42,"Kuwait","total  -  Fantasy"
"total  -  Mystery  -  Kuwait",52,"Kuwait","total  -  Mystery"
"total  -  Romance  -  Kuwait",77,"Kuwait","total  -  Romance"
"total  -  Thriller  -  Kuwait",96,"Kuwait","total  -  Thriller"
"total  -  Action  -  Latvia",175,"Latvia","total  -  Action"
"total  -  Adventure  -  Latvia",132,"Latvia","total  -  Adventure"
"total  -  Animation  -  Latvia",81,"Latvia","total  -  Animation"
"total  -  Comedy  -  Latvia",238,"Latvia","total  -  Comedy"
"total  -  Crime  -  Latvia",121,"Latvia","total  -  Crime"
"total  -  Drama  -  Latvia",269,"Latvia","total  -  Drama"
"total  -  Mystery  -  Latvia",63,"Latvia","total  -  Mystery"
"total  -  Romance  -  Latvia",86,"Latvia","total  -  Romance"
"total  -  Sci Fi  -  Latvia",39,"Latvia","total  -  Sci Fi"
"total  -  Thriller  -  Latvia",62,"Latvia","total  -  Thriller"
"total  -  Action  -  Lebanon",191,"Lebanon","total  -  Action"
"total  -  Adventure  -  Lebanon",92,"Lebanon","total  -  Adventure"
"total  -  Comedy  -  Lebanon",190,"Lebanon","total  -  Comedy"
"total  -  Crime  -  Lebanon",133,"Lebanon","total  -  Crime"
"total  -  Drama  -  Lebanon",376,"Lebanon","total  -  Drama"
"total  -  Fantasy  -  Lebanon",45,"Lebanon","total  -  Fantasy"
"total  -  Mystery  -  Lebanon",37,"Lebanon","total  -  Mystery"
"total  -  Romance  -  Lebanon",112,"Lebanon","total  -  Romance"
"total  -  Sci Fi  -  Lebanon",27,"Lebanon","total  -  Sci Fi"
"total  -  Thriller  -  Lebanon",88,"Lebanon","total  -  Thriller"
"total  -  Action  -  Lithuania",147,"Lithuania","total  -  Action"
"total  -  Adventure  -  Lithuania",92,"Lithuania","total  -  Adventure"
"total  -  Animation  -  Lithuania",49,"Lithuania","total  -  Animation"
"total  -  Comedy  -  Lithuania",221,"Lithuania","total  -  Comedy"
"total  -  Crime  -  Lithuania",121,"Lithuania","total  -  Crime"
"total  -  Documentary  -  Lithuania",32,"Lithuania","total  -  Documentary"
"total  -  Drama  -  Lithuania",261,"Lithuania","total  -  Drama"
"total  -  Mystery  -  Lithuania",50,"Lithuania","total  -  Mystery"
"total  -  Romance  -  Lithuania",100,"Lithuania","total  -  Romance"
"total  -  Thriller  -  Lithuania",66,"Lithuania","total  -  Thriller"
"total  -  Action  -  Luxembourg",168,"Luxembourg","total  -  Action"
"total  -  Adventure  -  Luxembourg",119,"Luxembourg","total  -  Adventure"
"total  -  Animation  -  Luxembourg",53,"Luxembourg","total  -  Animation"
"total  -  Comedy  -  Luxembourg",186,"Luxembourg","total  -  Comedy"
"total  -  Crime  -  Luxembourg",137,"Luxembourg","total  -  Crime"
"total  -  Drama  -  Luxembourg",345,"Luxembourg","total  -  Drama"
"total  -  Fantasy  -  Luxembourg",42,"Luxembourg","total  -  Fantasy"
"total  -  Mystery  -  Luxembourg",50,"Luxembourg","total  -  Mystery"
"total  -  Romance  -  Luxembourg",91,"Luxembourg","total  -  Romance"
"total  -  Thriller  -  Luxembourg",68,"Luxembourg","total  -  Thriller"
"total  -  Action  -  Malaysia",238,"Malaysia","total  -  Action"
"total  -  Adventure  -  Malaysia",112,"Malaysia","total  -  Adventure"
"total  -  Animation  -  Malaysia",42,"Malaysia","total  -  Animation"
"total  -  Comedy  -  Malaysia",193,"Malaysia","total  -  Comedy"
"total  -  Crime  -  Malaysia",141,"Malaysia","total  -  Crime"
"total  -  Drama  -  Malaysia",298,"Malaysia","total  -  Drama"
"total  -  Horror  -  Malaysia",40,"Malaysia","total  -  Horror"
"total  -  Mystery  -  Malaysia",71,"Malaysia","total  -  Mystery"
"total  -  Romance  -  Malaysia",106,"Malaysia","total  -  Romance"
"total  -  Thriller  -  Malaysia",88,"Malaysia","total  -  Thriller"
"total  -  Action  -  Maldives",189,"Maldives","total  -  Action"
"total  -  Adventure  -  Maldives",88,"Maldives","total  -  Adventure"
"total  -  Animation  -  Maldives",43,"Maldives","total  -  Animation"
"total  -  Comedy  -  Maldives",189,"Maldives","total  -  Comedy"
"total  -  Crime  -  Maldives",154,"Maldives","total  -  Crime"
"total  -  Drama  -  Maldives",332,"Maldives","total  -  Drama"
"total  -  Fantasy  -  Maldives",31,"Maldives","total  -  Fantasy"
"total  -  Mystery  -  Maldives",75,"Maldives","total  -  Mystery"
"total  -  Romance  -  Maldives",92,"Maldives","total  -  Romance"
"total  -  Sci Fi  -  Maldives",31,"Maldives","total  -  Sci Fi"
"total  -  Thriller  -  Maldives",77,"Maldives","total  -  Thriller"
"total  -  Action  -  Malta",171,"Malta","total  -  Action"
"total  -  Adventure  -  Malta",76,"Malta","total  -  Adventure"
"total  -  Comedy  -  Malta",169,"Malta","total  -  Comedy"
"total  -  Crime  -  Malta",156,"Malta","total  -  Crime"
"total  -  Documentary  -  Malta",24,"Malta","total  -  Documentary"
"total  -  Drama  -  Malta",343,"Malta","total  -  Drama"
"total  -  Mystery  -  Malta",56,"Malta","total  -  Mystery"
"total  -  Romance  -  Malta",103,"Malta","total  -  Romance"
"total  -  Sci Fi  -  Malta",39,"Malta","total  -  Sci Fi"
"total  -  Thriller  -  Malta",86,"Malta","total  -  Thriller"
"total  -  Action  -  Martinique",211,"Martinique","total  -  Action"
"total  -  Adventure  -  Martinique",107,"Martinique","total  -  Adventure"
"total  -  Animation  -  Martinique",48,"Martinique","total  -  Animation"
"total  -  Comedy  -  Martinique",171,"Martinique","total  -  Comedy"
"total  -  Crime  -  Martinique",137,"Martinique","total  -  Crime"
"total  -  Drama  -  Martinique",347,"Martinique","total  -  Drama"
"total  -  Fantasy  -  Martinique",40,"Martinique","total  -  Fantasy"
"total  -  Mystery  -  Martinique",41,"Martinique","total  -  Mystery"
"total  -  Romance  -  Martinique",75,"Martinique","total  -  Romance"
"total  -  Thriller  -  Martinique",75,"Martinique","total  -  Thriller"
"total  -  Action  -  Mauritius",199,"Mauritius","total  -  Action"
"total  -  Adventure  -  Mauritius",95,"Mauritius","total  -  Adventure"
"total  -  Comedy  -  Mauritius",209,"Mauritius","total  -  Comedy"
"total  -  Crime  -  Mauritius",141,"Mauritius","total  -  Crime"
"total  -  Drama  -  Mauritius",332,"Mauritius","total  -  Drama"
"total  -  Fantasy  -  Mauritius",40,"Mauritius","total  -  Fantasy"
"total  -  Mystery  -  Mauritius",64,"Mauritius","total  -  Mystery"
"total  -  Romance  -  Mauritius",90,"Mauritius","total  -  Romance"
"total  -  Sci Fi  -  Mauritius",38,"Mauritius","total  -  Sci Fi"
"total  -  Thriller  -  Mauritius",74,"Mauritius","total  -  Thriller"
"total  -  Action  -  Mexico",121,"Mexico","total  -  Action"
"total  -  Adventure  -  Mexico",125,"Mexico","total  -  Adventure"
"total  -  Animation  -  Mexico",88,"Mexico","total  -  Animation"
"total  -  Comedy  -  Mexico",214,"Mexico","total  -  Comedy"
"total  -  Crime  -  Mexico",103,"Mexico","total  -  Crime"
"total  -  Drama  -  Mexico",322,"Mexico","total  -  Drama"
"total  -  Horror  -  Mexico",28,"Mexico","total  -  Horror"
"total  -  Mystery  -  Mexico",44,"Mexico","total  -  Mystery"
"total  -  Romance  -  Mexico",110,"Mexico","total  -  Romance"
"total  -  Thriller  -  Mexico",65,"Mexico","total  -  Thriller"
"total  -  Action  -  Morocco",238,"Morocco","total  -  Action"
"total  -  Adventure  -  Morocco",92,"Morocco","total  -  Adventure"
"total  -  Animation  -  Morocco",34,"Morocco","total  -  Animation"
"total  -  Comedy  -  Morocco",176,"Morocco","total  -  Comedy"
"total  -  Crime  -  Morocco",181,"Morocco","total  -  Crime"
"total  -  Drama  -  Morocco",363,"Morocco","total  -  Drama"
"total  -  Mystery  -  Morocco",57,"Morocco","total  -  Mystery"
"total  -  Romance  -  Morocco",75,"Morocco","total  -  Romance"
"total  -  Sci Fi  -  Morocco",28,"Morocco","total  -  Sci Fi"
"total  -  Thriller  -  Morocco",101,"Morocco","total  -  Thriller"
"total  -  Action  -  Netherlands",147,"Netherlands","total  -  Action"
"total  -  Adventure  -  Netherlands",111,"Netherlands","total  -  Adventure"
"total  -  Animation  -  Netherlands",54,"Netherlands","total  -  Animation"
"total  -  Comedy  -  Netherlands",162,"Netherlands","total  -  Comedy"
"total  -  Crime  -  Netherlands",159,"Netherlands","total  -  Crime"
"total  -  Drama  -  Netherlands",333,"Netherlands","total  -  Drama"
"total  -  Fantasy  -  Netherlands",40,"Netherlands","total  -  Fantasy"
"total  -  Mystery  -  Netherlands",55,"Netherlands","total  -  Mystery"
"total  -  Romance  -  Netherlands",85,"Netherlands","total  -  Romance"
"total  -  Thriller  -  Netherlands",73,"Netherlands","total  -  Thriller"
"total  -  Action  -  New Caledonia",252,"New Caledonia","total  -  Action"
"total  -  Adventure  -  New Caledonia",134,"New Caledonia","total  -  Adventure"
"total  -  Animation  -  New Caledonia",64,"New Caledonia","total  -  Animation"
"total  -  Comedy  -  New Caledonia",144,"New Caledonia","total  -  Comedy"
"total  -  Crime  -  New Caledonia",132,"New Caledonia","total  -  Crime"
"total  -  Drama  -  New Caledonia",341,"New Caledonia","total  -  Drama"
"total  -  Fantasy  -  New Caledonia",52,"New Caledonia","total  -  Fantasy"
"total  -  Mystery  -  New Caledonia",36,"New Caledonia","total  -  Mystery"
"total  -  Romance  -  New Caledonia",58,"New Caledonia","total  -  Romance"
"total  -  Thriller  -  New Caledonia",75,"New Caledonia","total  -  Thriller"
"total  -  Action  -  New Zealand",196,"New Zealand","total  -  Action"
"total  -  Adventure  -  New Zealand",113,"New Zealand","total  -  Adventure"
"total  -  Animation  -  New Zealand",69,"New Zealand","total  -  Animation"
"total  -  Comedy  -  New Zealand",172,"New Zealand","total  -  Comedy"
"total  -  Crime  -  New Zealand",140,"New Zealand","total  -  Crime"
"total  -  Drama  -  New Zealand",310,"New Zealand","total  -  Drama"
"total  -  Mystery  -  New Zealand",49,"New Zealand","total  -  Mystery"
"total  -  Romance  -  New Zealand",58,"New Zealand","total  -  Romance"
"total  -  Sci Fi  -  New Zealand",35,"New Zealand","total  -  Sci Fi"
"total  -  Thriller  -  New Zealand",71,"New Zealand","total  -  Thriller"
"total  -  Action  -  Nicaragua",134,"Nicaragua","total  -  Action"
"total  -  Adventure  -  Nicaragua",79,"Nicaragua","total  -  Adventure"
"total  -  Animation  -  Nicaragua",44,"Nicaragua","total  -  Animation"
"total  -  Comedy  -  Nicaragua",187,"Nicaragua","total  -  Comedy"
"total  -  Crime  -  Nicaragua",104,"Nicaragua","total  -  Crime"
"total  -  Drama  -  Nicaragua",305,"Nicaragua","total  -  Drama"
"total  -  Music  -  Nicaragua",30,"Nicaragua","total  -  Music"
"total  -  Mystery  -  Nicaragua",42,"Nicaragua","total  -  Mystery"
"total  -  Romance  -  Nicaragua",125,"Nicaragua","total  -  Romance"
"total  -  Thriller  -  Nicaragua",75,"Nicaragua","total  -  Thriller"
"total  -  Action  -  Nigeria",183,"Nigeria","total  -  Action"
"total  -  Adventure  -  Nigeria",61,"Nigeria","total  -  Adventure"
"total  -  Comedy  -  Nigeria",142,"Nigeria","total  -  Comedy"
"total  -  Crime  -  Nigeria",139,"Nigeria","total  -  Crime"
"total  -  Drama  -  Nigeria",348,"Nigeria","total  -  Drama"
"total  -  Fantasy  -  Nigeria",31,"Nigeria","total  -  Fantasy"
"total  -  Mystery  -  Nigeria",65,"Nigeria","total  -  Mystery"
"total  -  Romance  -  Nigeria",117,"Nigeria","total  -  Romance"
"total  -  Sci Fi  -  Nigeria",37,"Nigeria","total  -  Sci Fi"
"total  -  Thriller  -  Nigeria",70,"Nigeria","total  -  Thriller"
"total  -  Action  -  Norway",179,"Norway","total  -  Action"
"total  -  Adventure  -  Norway",111,"Norway","total  -  Adventure"
"total  -  Animation  -  Norway",47,"Norway","total  -  Animation"
"total  -  Comedy  -  Norway",180,"Norway","total  -  Comedy"
"total  -  Crime  -  Norway",147,"Norway","total  -  Crime"
"total  -  Drama  -  Norway",355,"Norway","total  -  Drama"
"total  -  Fantasy  -  Norway",36,"Norway","total  -  Fantasy"
"total  -  Mystery  -  Norway",47,"Norway","total  -  Mystery"
"total  -  Romance  -  Norway",99,"Norway","total  -  Romance"
"total  -  Thriller  -  Norway",61,"Norway","total  -  Thriller"
"total  -  Action  -  Oman",189,"Oman","total  -  Action"
"total  -  Adventure  -  Oman",89,"Oman","total  -  Adventure"
"total  -  Comedy  -  Oman",130,"Oman","total  -  Comedy"
"total  -  Crime  -  Oman",115,"Oman","total  -  Crime"
"total  -  Drama  -  Oman",286,"Oman","total  -  Drama"
"total  -  Fantasy  -  Oman",37,"Oman","total  -  Fantasy"
"total  -  Horror  -  Oman",33,"Oman","total  -  Horror"
"total  -  Mystery  -  Oman",48,"Oman","total  -  Mystery"
"total  -  Romance  -  Oman",57,"Oman","total  -  Romance"
"total  -  Thriller  -  Oman",90,"Oman","total  -  Thriller"
"total  -  Action  -  Pakistan",284,"Pakistan","total  -  Action"
"total  -  Adventure  -  Pakistan",92,"Pakistan","total  -  Adventure"
"total  -  Comedy  -  Pakistan",165,"Pakistan","total  -  Comedy"
"total  -  Crime  -  Pakistan",226,"Pakistan","total  -  Crime"
"total  -  Drama  -  Pakistan",387,"Pakistan","total  -  Drama"
"total  -  Horror  -  Pakistan",34,"Pakistan","total  -  Horror"
"total  -  Mystery  -  Pakistan",93,"Pakistan","total  -  Mystery"
"total  -  Romance  -  Pakistan",55,"Pakistan","total  -  Romance"
"total  -  Sci Fi  -  Pakistan",37,"Pakistan","total  -  Sci Fi"
"total  -  Thriller  -  Pakistan",100,"Pakistan","total  -  Thriller"
"total  -  Action  -  Panama",145,"Panama","total  -  Action"
"total  -  Adventure  -  Panama",105,"Panama","total  -  Adventure"
"total  -  Animation  -  Panama",65,"Panama","total  -  Animation"
"total  -  Comedy  -  Panama",193,"Panama","total  -  Comedy"
"total  -  Crime  -  Panama",122,"Panama","total  -  Crime"
"total  -  Drama  -  Panama",316,"Panama","total  -  Drama"
"total  -  Fantasy  -  Panama",24,"Panama","total  -  Fantasy"
"total  -  Horror  -  Panama",24,"Panama","total  -  Horror"
"total  -  Mystery  -  Panama",37,"Panama","total  -  Mystery"
"total  -  Romance  -  Panama",122,"Panama","total  -  Romance"
"total  -  Thriller  -  Panama",76,"Panama","total  -  Thriller"
"total  -  Action  -  Paraguay",137,"Paraguay","total  -  Action"
"total  -  Adventure  -  Paraguay",96,"Paraguay","total  -  Adventure"
"total  -  Animation  -  Paraguay",55,"Paraguay","total  -  Animation"
"total  -  Comedy  -  Paraguay",200,"Paraguay","total  -  Comedy"
"total  -  Crime  -  Paraguay",118,"Paraguay","total  -  Crime"
"total  -  Drama  -  Paraguay",328,"Paraguay","total  -  Drama"
"total  -  Music  -  Paraguay",31,"Paraguay","total  -  Music"
"total  -  Mystery  -  Paraguay",47,"Paraguay","total  -  Mystery"
"total  -  Romance  -  Paraguay",120,"Paraguay","total  -  Romance"
"total  -  Thriller  -  Paraguay",77,"Paraguay","total  -  Thriller"
"total  -  Action  -  Peru",162,"Peru","total  -  Action"
"total  -  Adventure  -  Peru",115,"Peru","total  -  Adventure"
"total  -  Animation  -  Peru",67,"Peru","total  -  Animation"
"total  -  Comedy  -  Peru",186,"Peru","total  -  Comedy"
"total  -  Crime  -  Peru",109,"Peru","total  -  Crime"
"total  -  Drama  -  Peru",291,"Peru","total  -  Drama"
"total  -  Horror  -  Peru",25,"Peru","total  -  Horror"
"total  -  Mystery  -  Peru",42,"Peru","total  -  Mystery"
"total  -  Romance  -  Peru",112,"Peru","total  -  Romance"
"total  -  Thriller  -  Peru",68,"Peru","total  -  Thriller"
"total  -  Action  -  Philippines",200,"Philippines","total  -  Action"
"total  -  Adventure  -  Philippines",99,"Philippines","total  -  Adventure"
"total  -  Comedy  -  Philippines",172,"Philippines","total  -  Comedy"
"total  -  Crime  -  Philippines",114,"Philippines","total  -  Crime"
"total  -  Drama  -  Philippines",322,"Philippines","total  -  Drama"
"total  -  Horror  -  Philippines",44,"Philippines","total  -  Horror"
"total  -  Mystery  -  Philippines",60,"Philippines","total  -  Mystery"
"total  -  Romance  -  Philippines",109,"Philippines","total  -  Romance"
"total  -  Sci Fi  -  Philippines",51,"Philippines","total  -  Sci Fi"
"total  -  Thriller  -  Philippines",96,"Philippines","total  -  Thriller"
"total  -  Action  -  Poland",149,"Poland","total  -  Action"
"total  -  Adventure  -  Poland",159,"Poland","total  -  Adventure"
"total  -  Animation  -  Poland",102,"Poland","total  -  Animation"
"total  -  Comedy  -  Poland",208,"Poland","total  -  Comedy"
"total  -  Crime  -  Poland",138,"Poland","total  -  Crime"
"total  -  Drama  -  Poland",321,"Poland","total  -  Drama"
"total  -  Horror  -  Poland",38,"Poland","total  -  Horror"
"total  -  Mystery  -  Poland",54,"Poland","total  -  Mystery"
"total  -  Romance  -  Poland",75,"Poland","total  -  Romance"
"total  -  Thriller  -  Poland",80,"Poland","total  -  Thriller"
"total  -  Action  -  Portugal",162,"Portugal","total  -  Action"
"total  -  Adventure  -  Portugal",98,"Portugal","total  -  Adventure"
"total  -  Animation  -  Portugal",38,"Portugal","total  -  Animation"
"total  -  Comedy  -  Portugal",170,"Portugal","total  -  Comedy"
"total  -  Crime  -  Portugal",113,"Portugal","total  -  Crime"
"total  -  Drama  -  Portugal",317,"Portugal","total  -  Drama"
"total  -  Family  -  Portugal",40,"Portugal","total  -  Family"
"total  -  Music  -  Portugal",53,"Portugal","total  -  Music"
"total  -  Mystery  -  Portugal",38,"Portugal","total  -  Mystery"
"total  -  Romance  -  Portugal",96,"Portugal","total  -  Romance"
"total  -  Thriller  -  Portugal",74,"Portugal","total  -  Thriller"
"total  -  Action  -  Qatar",206,"Qatar","total  -  Action"
"total  -  Adventure  -  Qatar",109,"Qatar","total  -  Adventure"
"total  -  Animation  -  Qatar",31,"Qatar","total  -  Animation"
"total  -  Comedy  -  Qatar",163,"Qatar","total  -  Comedy"
"total  -  Crime  -  Qatar",129,"Qatar","total  -  Crime"
"total  -  Drama  -  Qatar",345,"Qatar","total  -  Drama"
"total  -  Fantasy  -  Qatar",43,"Qatar","total  -  Fantasy"
"total  -  Mystery  -  Qatar",49,"Qatar","total  -  Mystery"
"total  -  Romance  -  Qatar",103,"Qatar","total  -  Romance"
"total  -  Thriller  -  Qatar",92,"Qatar","total  -  Thriller"
"total  -  Action  -  Romania",169,"Romania","total  -  Action"
"total  -  Adventure  -  Romania",95,"Romania","total  -  Adventure"
"total  -  Comedy  -  Romania",162,"Romania","total  -  Comedy"
"total  -  Crime  -  Romania",145,"Romania","total  -  Crime"
"total  -  Documentary  -  Romania",28,"Romania","total  -  Documentary"
"total  -  Drama  -  Romania",366,"Romania","total  -  Drama"
"total  -  Fantasy  -  Romania",40,"Romania","total  -  Fantasy"
"total  -  Mystery  -  Romania",68,"Romania","total  -  Mystery"
"total  -  Romance  -  Romania",101,"Romania","total  -  Romance"
"total  -  Thriller  -  Romania",86,"Romania","total  -  Thriller"
"total  -  Action  -  Russia",244,"Russia","total  -  Action"
"total  -  Adventure  -  Russia",124,"Russia","total  -  Adventure"
"total  -  Animation  -  Russia",57,"Russia","total  -  Animation"
"total  -  Comedy  -  Russia",185,"Russia","total  -  Comedy"
"total  -  Crime  -  Russia",210,"Russia","total  -  Crime"
"total  -  Drama  -  Russia",352,"Russia","total  -  Drama"
"total  -  Fantasy  -  Russia",33,"Russia","total  -  Fantasy"
"total  -  Mystery  -  Russia",49,"Russia","total  -  Mystery"
"total  -  Romance  -  Russia",64,"Russia","total  -  Romance"
"total  -  Thriller  -  Russia",69,"Russia","total  -  Thriller"
"total  -  Action  -  Réunion",203,"Réunion","total  -  Action"
"total  -  Adventure  -  Réunion",123,"Réunion","total  -  Adventure"
"total  -  Animation  -  Réunion",58,"Réunion","total  -  Animation"
"total  -  Comedy  -  Réunion",177,"Réunion","total  -  Comedy"
"total  -  Crime  -  Réunion",113,"Réunion","total  -  Crime"
"total  -  Drama  -  Réunion",336,"Réunion","total  -  Drama"
"total  -  Fantasy  -  Réunion",50,"Réunion","total  -  Fantasy"
"total  -  Mystery  -  Réunion",42,"Réunion","total  -  Mystery"
"total  -  Romance  -  Réunion",75,"Réunion","total  -  Romance"
"total  -  Thriller  -  Réunion",69,"Réunion","total  -  Thriller"
"total  -  Action  -  Saudi Arabia",224,"Saudi Arabia","total  -  Action"
"total  -  Adventure  -  Saudi Arabia",88,"Saudi Arabia","total  -  Adventure"
"total  -  Animation  -  Saudi Arabia",43,"Saudi Arabia","total  -  Animation"
"total  -  Comedy  -  Saudi Arabia",157,"Saudi Arabia","total  -  Comedy"
"total  -  Crime  -  Saudi Arabia",148,"Saudi Arabia","total  -  Crime"
"total  -  Drama  -  Saudi Arabia",349,"Saudi Arabia","total  -  Drama"
"total  -  Horror  -  Saudi Arabia",36,"Saudi Arabia","total  -  Horror"
"total  -  Mystery  -  Saudi Arabia",51,"Saudi Arabia","total  -  Mystery"
"total  -  Romance  -  Saudi Arabia",76,"Saudi Arabia","total  -  Romance"
"total  -  Thriller  -  Saudi Arabia",98,"Saudi Arabia","total  -  Thriller"
"total  -  Action  -  Serbia",205,"Serbia","total  -  Action"
"total  -  Adventure  -  Serbia",104,"Serbia","total  -  Adventure"
"total  -  Animation  -  Serbia",37,"Serbia","total  -  Animation"
"total  -  Comedy  -  Serbia",188,"Serbia","total  -  Comedy"
"total  -  Crime  -  Serbia",155,"Serbia","total  -  Crime"
"total  -  Documentary  -  Serbia",26,"Serbia","total  -  Documentary"
"total  -  Drama  -  Serbia",328,"Serbia","total  -  Drama"
"total  -  Fantasy  -  Serbia",26,"Serbia","total  -  Fantasy"
"total  -  Mystery  -  Serbia",46,"Serbia","total  -  Mystery"
"total  -  Romance  -  Serbia",95,"Serbia","total  -  Romance"
"total  -  Thriller  -  Serbia",87,"Serbia","total  -  Thriller"
"total  -  Action  -  Singapore",214,"Singapore","total  -  Action"
"total  -  Adventure  -  Singapore",96,"Singapore","total  -  Adventure"
"total  -  Comedy  -  Singapore",162,"Singapore","total  -  Comedy"
"total  -  Crime  -  Singapore",128,"Singapore","total  -  Crime"
"total  -  Drama  -  Singapore",315,"Singapore","total  -  Drama"
"total  -  Horror  -  Singapore",35,"Singapore","total  -  Horror"
"total  -  Mystery  -  Singapore",71,"Singapore","total  -  Mystery"
"total  -  Romance  -  Singapore",92,"Singapore","total  -  Romance"
"total  -  Sci Fi  -  Singapore",52,"Singapore","total  -  Sci Fi"
"total  -  Thriller  -  Singapore",88,"Singapore","total  -  Thriller"
"total  -  Action  -  Slovakia",185,"Slovakia","total  -  Action"
"total  -  Adventure  -  Slovakia",132,"Slovakia","total  -  Adventure"
"total  -  Animation  -  Slovakia",71,"Slovakia","total  -  Animation"
"total  -  Comedy  -  Slovakia",196,"Slovakia","total  -  Comedy"
"total  -  Crime  -  Slovakia",138,"Slovakia","total  -  Crime"
"total  -  Documentary  -  Slovakia",44,"Slovakia","total  -  Documentary"
"total  -  Drama  -  Slovakia",312,"Slovakia","total  -  Drama"
"total  -  Mystery  -  Slovakia",47,"Slovakia","total  -  Mystery"
"total  -  Romance  -  Slovakia",76,"Slovakia","total  -  Romance"
"total  -  Thriller  -  Slovakia",56,"Slovakia","total  -  Thriller"
"total  -  Action  -  Slovenia",184,"Slovenia","total  -  Action"
"total  -  Adventure  -  Slovenia",107,"Slovenia","total  -  Adventure"
"total  -  Animation  -  Slovenia",41,"Slovenia","total  -  Animation"
"total  -  Comedy  -  Slovenia",193,"Slovenia","total  -  Comedy"
"total  -  Crime  -  Slovenia",117,"Slovenia","total  -  Crime"
"total  -  Documentary  -  Slovenia",30,"Slovenia","total  -  Documentary"
"total  -  Drama  -  Slovenia",278,"Slovenia","total  -  Drama"
"total  -  Fantasy  -  Slovenia",30,"Slovenia","total  -  Fantasy"
"total  -  Mystery  -  Slovenia",38,"Slovenia","total  -  Mystery"
"total  -  Romance  -  Slovenia",79,"Slovenia","total  -  Romance"
"total  -  Thriller  -  Slovenia",65,"Slovenia","total  -  Thriller"
"total  -  Action  -  South Africa",183,"South Africa","total  -  Action"
"total  -  Adventure  -  South Africa",99,"South Africa","total  -  Adventure"
"total  -  Animation  -  South Africa",45,"South Africa","total  -  Animation"
"total  -  Comedy  -  South Africa",195,"South Africa","total  -  Comedy"
"total  -  Crime  -  South Africa",114,"South Africa","total  -  Crime"
"total  -  Drama  -  South Africa",340,"South Africa","total  -  Drama"
"total  -  Mystery  -  South Africa",60,"South Africa","total  -  Mystery"
"total  -  Romance  -  South Africa",99,"South Africa","total  -  Romance"
"total  -  Sci Fi  -  South Africa",49,"South Africa","total  -  Sci Fi"
"total  -  Thriller  -  South Africa",74,"South Africa","total  -  Thriller"
"total  -  Action  -  South Korea",186,"South Korea","total  -  Action"
"total  -  Adventure  -  South Korea",78,"South Korea","total  -  Adventure"
"total  -  Comedy  -  South Korea",156,"South Korea","total  -  Comedy"
"total  -  Crime  -  South Korea",88,"South Korea","total  -  Crime"
"total  -  Drama  -  South Korea",308,"South Korea","total  -  Drama"
"total  -  Fantasy  -  South Korea",31,"South Korea","total  -  Fantasy"
"total  -  Horror  -  South Korea",34,"South Korea","total  -  Horror"
"total  -  Mystery  -  South Korea",40,"South Korea","total  -  Mystery"
"total  -  Romance  -  South Korea",103,"South Korea","total  -  Romance"
"total  -  Thriller  -  South Korea",85,"South Korea","total  -  Thriller"
"total  -  Action  -  Spain",162,"Spain","total  -  Action"
"total  -  Adventure  -  Spain",97,"Spain","total  -  Adventure"
"total  -  Animation  -  Spain",30,"Spain","total  -  Animation"
"total  -  Comedy  -  Spain",182,"Spain","total  -  Comedy"
"total  -  Crime  -  Spain",139,"Spain","total  -  Crime"
"total  -  Drama  -  Spain",326,"Spain","total  -  Drama"
"total  -  Fantasy  -  Spain",31,"Spain","total  -  Fantasy"
"total  -  Horror  -  Spain",30,"Spain","total  -  Horror"
"total  -  Mystery  -  Spain",51,"Spain","total  -  Mystery"
"total  -  Romance  -  Spain",111,"Spain","total  -  Romance"
"total  -  Thriller  -  Spain",68,"Spain","total  -  Thriller"
"total  -  Action  -  Sri Lanka",180,"Sri Lanka","total  -  Action"
"total  -  Adventure  -  Sri Lanka",66,"Sri Lanka","total  -  Adventure"
"total  -  Comedy  -  Sri Lanka",182,"Sri Lanka","total  -  Comedy"
"total  -  Crime  -  Sri Lanka",140,"Sri Lanka","total  -  Crime"
"total  -  Drama  -  Sri Lanka",371,"Sri Lanka","total  -  Drama"
"total  -  Fantasy  -  Sri Lanka",31,"Sri Lanka","total  -  Fantasy"
"total  -  Mystery  -  Sri Lanka",79,"Sri Lanka","total  -  Mystery"
"total  -  Romance  -  Sri Lanka",106,"Sri Lanka","total  -  Romance"
"total  -  Sci Fi  -  Sri Lanka",42,"Sri Lanka","total  -  Sci Fi"
"total  -  Thriller  -  Sri Lanka",76,"Sri Lanka","total  -  Thriller"
"total  -  Action  -  Sweden",183,"Sweden","total  -  Action"
"total  -  Adventure  -  Sweden",118,"Sweden","total  -  Adventure"
"total  -  Animation  -  Sweden",54,"Sweden","total  -  Animation"
"total  -  Comedy  -  Sweden",161,"Sweden","total  -  Comedy"
"total  -  Crime  -  Sweden",142,"Sweden","total  -  Crime"
"total  -  Drama  -  Sweden",342,"Sweden","total  -  Drama"
"total  -  Fantasy  -  Sweden",41,"Sweden","total  -  Fantasy"
"total  -  Mystery  -  Sweden",53,"Sweden","total  -  Mystery"
"total  -  Romance  -  Sweden",81,"Sweden","total  -  Romance"
"total  -  Thriller  -  Sweden",64,"Sweden","total  -  Thriller"
"total  -  Action  -  Switzerland",180,"Switzerland","total  -  Action"
"total  -  Adventure  -  Switzerland",110,"Switzerland","total  -  Adventure"
"total  -  Comedy  -  Switzerland",186,"Switzerland","total  -  Comedy"
"total  -  Crime  -  Switzerland",153,"Switzerland","total  -  Crime"
"total  -  Drama  -  Switzerland",346,"Switzerland","total  -  Drama"
"total  -  Family  -  Switzerland",34,"Switzerland","total  -  Family"
"total  -  Fantasy  -  Switzerland",52,"Switzerland","total  -  Fantasy"
"total  -  Mystery  -  Switzerland",59,"Switzerland","total  -  Mystery"
"total  -  Romance  -  Switzerland",85,"Switzerland","total  -  Romance"
"total  -  Thriller  -  Switzerland",70,"Switzerland","total  -  Thriller"
"total  -  Action  -  Taiwan",193,"Taiwan","total  -  Action"
"total  -  Adventure  -  Taiwan",102,"Taiwan","total  -  Adventure"
"total  -  Comedy  -  Taiwan",169,"Taiwan","total  -  Comedy"
"total  -  Crime  -  Taiwan",101,"Taiwan","total  -  Crime"
"total  -  Drama  -  Taiwan",347,"Taiwan","total  -  Drama"
"total  -  Fantasy  -  Taiwan",36,"Taiwan","total  -  Fantasy"
"total  -  Mystery  -  Taiwan",78,"Taiwan","total  -  Mystery"
"total  -  Romance  -  Taiwan",148,"Taiwan","total  -  Romance"
"total  -  Sci Fi  -  Taiwan",52,"Taiwan","total  -  Sci Fi"
"total  -  Thriller  -  Taiwan",67,"Taiwan","total  -  Thriller"
"total  -  Action  -  Thailand",242,"Thailand","total  -  Action"
"total  -  Adventure  -  Thailand",145,"Thailand","total  -  Adventure"
"total  -  Animation  -  Thailand",46,"Thailand","total  -  Animation"
"total  -  Comedy  -  Thailand",206,"Thailand","total  -  Comedy"
"total  -  Crime  -  Thailand",117,"Thailand","total  -  Crime"
"total  -  Drama  -  Thailand",263,"Thailand","total  -  Drama"
"total  -  Mystery  -  Thailand",60,"Thailand","total  -  Mystery"
"total  -  Romance  -  Thailand",133,"Thailand","total  -  Romance"
"total  -  Sci Fi  -  Thailand",47,"Thailand","total  -  Sci Fi"
"total  -  Thriller  -  Thailand",84,"Thailand","total  -  Thriller"
"total  -  Action  -  Trinidad and Tobago",194,"Trinidad and Tobago","total  -  Action"
"total  -  Adventure  -  Trinidad and Tobago",105,"Trinidad and Tobago","total  -  Adventure"
"total  -  Animation  -  Trinidad and Tobago",57,"Trinidad and Tobago","total  -  Animation"
"total  -  Comedy  -  Trinidad and Tobago",174,"Trinidad and Tobago","total  -  Comedy"
"total  -  Crime  -  Trinidad and Tobago",150,"Trinidad and Tobago","total  -  Crime"
"total  -  Drama  -  Trinidad and Tobago",312,"Trinidad and Tobago","total  -  Drama"
"total  -  Fantasy  -  Trinidad and Tobago",33,"Trinidad and Tobago","total  -  Fantasy"
"total  -  Mystery  -  Trinidad and Tobago",43,"Trinidad and Tobago","total  -  Mystery"
"total  -  Romance  -  Trinidad and Tobago",82,"Trinidad and Tobago","total  -  Romance"
"total  -  Thriller  -  Trinidad and Tobago",96,"Trinidad and Tobago","total  -  Thriller"
"total  -  Action  -  Turkey",201,"Turkey","total  -  Action"
"total  -  Adventure  -  Turkey",115,"Turkey","total  -  Adventure"
"total  -  Comedy  -  Turkey",163,"Turkey","total  -  Comedy"
"total  -  Crime  -  Turkey",139,"Turkey","total  -  Crime"
"total  -  Drama  -  Turkey",374,"Turkey","total  -  Drama"
"total  -  Fantasy  -  Turkey",61,"Turkey","total  -  Fantasy"
"total  -  Horror  -  Turkey",38,"Turkey","total  -  Horror"
"total  -  Mystery  -  Turkey",52,"Turkey","total  -  Mystery"
"total  -  Romance  -  Turkey",81,"Turkey","total  -  Romance"
"total  -  Thriller  -  Turkey",83,"Turkey","total  -  Thriller"
"total  -  Action  -  Ukraine",211,"Ukraine","total  -  Action"
"total  -  Adventure  -  Ukraine",129,"Ukraine","total  -  Adventure"
"total  -  Animation  -  Ukraine",63,"Ukraine","total  -  Animation"
"total  -  Comedy  -  Ukraine",194,"Ukraine","total  -  Comedy"
"total  -  Crime  -  Ukraine",169,"Ukraine","total  -  Crime"
"total  -  Documentary  -  Ukraine",30,"Ukraine","total  -  Documentary"
"total  -  Drama  -  Ukraine",334,"Ukraine","total  -  Drama"
"total  -  Mystery  -  Ukraine",45,"Ukraine","total  -  Mystery"
"total  -  Romance  -  Ukraine",73,"Ukraine","total  -  Romance"
"total  -  Thriller  -  Ukraine",73,"Ukraine","total  -  Thriller"
"total  -  Action  -  United Arab Emirates",203,"United Arab Emirates","total  -  Action"
"total  -  Adventure  -  United Arab Emirates",110,"United Arab Emirates","total  -  Adventure"
"total  -  Animation  -  United Arab Emirates",37,"United Arab Emirates","total  -  Animation"
"total  -  Comedy  -  United Arab Emirates",172,"United Arab Emirates","total  -  Comedy"
"total  -  Crime  -  United Arab Emirates",132,"United Arab Emirates","total  -  Crime"
"total  -  Drama  -  United Arab Emirates",350,"United Arab Emirates","total  -  Drama"
"total  -  Fantasy  -  United Arab Emirates",41,"United Arab Emirates","total  -  Fantasy"
"total  -  Mystery  -  United Arab Emirates",51,"United Arab Emirates","total  -  Mystery"
"total  -  Romance  -  United Arab Emirates",106,"United Arab Emirates","total  -  Romance"
"total  -  Thriller  -  United Arab Emirates",86,"United Arab Emirates","total  -  Thriller"
"total  -  Action  -  United Kingdom",177,"United Kingdom","total  -  Action"
"total  -  Adventure  -  United Kingdom",136,"United Kingdom","total  -  Adventure"
"total  -  Animation  -  United Kingdom",60,"United Kingdom","total  -  Animation"
"total  -  Comedy  -  United Kingdom",220,"United Kingdom","total  -  Comedy"
"total  -  Crime  -  United Kingdom",114,"United Kingdom","total  -  Crime"
"total  -  Documentary  -  United Kingdom",38,"United Kingdom","total  -  Documentary"
"total  -  Drama  -  United Kingdom",288,"United Kingdom","total  -  Drama"
"total  -  Fantasy  -  United Kingdom",40,"United Kingdom","total  -  Fantasy"
"total  -  Mystery  -  United Kingdom",38,"United Kingdom","total  -  Mystery"
"total  -  Romance  -  United Kingdom",76,"United Kingdom","total  -  Romance"
"total  -  Thriller  -  United Kingdom",73,"United Kingdom","total  -  Thriller"
"total  -  Action  -  United States",147,"United States","total  -  Action"
"total  -  Adventure  -  United States",115,"United States","total  -  Adventure"
"total  -  Animation  -  United States",48,"United States","total  -  Animation"
"total  -  Comedy  -  United States",170,"United States","total  -  Comedy"
"total  -  Crime  -  United States",116,"United States","total  -  Crime"
"total  -  Drama  -  United States",281,"United States","total  -  Drama"
"total  -  Mystery  -  United States",56,"United States","total  -  Mystery"
"total  -  Romance  -  United States",73,"United States","total  -  Romance"
"total  -  Sci Fi  -  United States",37,"United States","total  -  Sci Fi"
"total  -  Thriller  -  United States",46,"United States","total  -  Thriller"
"total  -  Action  -  Uruguay",131,"Uruguay","total  -  Action"
"total  -  Adventure  -  Uruguay",101,"Uruguay","total  -  Adventure"
"total  -  Animation  -  Uruguay",50,"Uruguay","total  -  Animation"
"total  -  Comedy  -  Uruguay",165,"Uruguay","total  -  Comedy"
"total  -  Crime  -  Uruguay",155,"Uruguay","total  -  Crime"
"total  -  Drama  -  Uruguay",371,"Uruguay","total  -  Drama"
"total  -  Music  -  Uruguay",35,"Uruguay","total  -  Music"
"total  -  Mystery  -  Uruguay",59,"Uruguay","total  -  Mystery"
"total  -  Romance  -  Uruguay",88,"Uruguay","total  -  Romance"
"total  -  Thriller  -  Uruguay",86,"Uruguay","total  -  Thriller"
"total  -  Action  -  Venezuela",131,"Venezuela","total  -  Action"
"total  -  Adventure  -  Venezuela",74,"Venezuela","total  -  Adventure"
"total  -  Animation  -  Venezuela",41,"Venezuela","total  -  Animation"
"total  -  Comedy  -  Venezuela",176,"Venezuela","total  -  Comedy"
"total  -  Crime  -  Venezuela",123,"Venezuela","total  -  Crime"
"total  -  Drama  -  Venezuela",322,"Venezuela","total  -  Drama"
"total  -  Music  -  Venezuela",27,"Venezuela","total  -  Music"
"total  -  Mystery  -  Venezuela",44,"Venezuela","total  -  Mystery"
"total  -  Romance  -  Venezuela",122,"Venezuela","total  -  Romance"
"total  -  Thriller  -  Venezuela",85,"Venezuela","total  -  Thriller"
"total  -  Action  -  Vietnam",254,"Vietnam","total  -  Action"
"total  -  Adventure  -  Vietnam",132,"Vietnam","total  -  Adventure"
"total  -  Comedy  -  Vietnam",237,"Vietnam","total  -  Comedy"
"total  -  Crime  -  Vietnam",119,"Vietnam","total  -  Crime"
"total  -  Drama  -  Vietnam",326,"Vietnam","total  -  Drama"
"total  -  Fantasy  -  Vietnam",43,"Vietnam","total  -  Fantasy"
"total  -  Mystery  -  Vietnam",51,"Vietnam","total  -  Mystery"
"total  -  Romance  -  Vietnam",127,"Vietnam","total  -  Romance"
"total  -  Sci Fi  -  Vietnam",52,"Vietnam","total  -  Sci Fi"
"total  -  Thriller  -  Vietnam",94,"Vietnam","total  -  Thriller"
